Date,Close
19860313,0.0972
19860314,0.1007
19860317,0.1024
19860318,0.0998
19860319,0.0981
19860320,0.0955
19860321,0.0929
19860324,0.0903
19860325,0.092
19860326,0.0946
19860327,0.0963
19860331,0.0955
19860401,0.0946
19860402,0.0955
19860403,0.0963
19860404,0.0963
19860407,0.0946
19860408,0.0955
19860409,0.0972
19860410,0.0981
19860411,0.0998
19860414,0.1007
19860415,0.1007
19860416,0.1042
19860417,0.105
19860418,0.1016
19860421,0.1016
19860422,0.0998
19860423,0.1002
19860424,0.1102
19860425,0.1172
19860428,0.1181
19860429,0.1146
19860430,0.112
19860501,0.1102
19860502,0.1102
19860505,0.1094
19860506,0.1102
19860507,0.1102
19860508,0.1111
19860509,0.1102
19860512,0.1111
19860513,0.112
19860514,0.1111
19860515,0.1111
19860516,0.112
19860519,0.1102
19860520,0.1094
19860521,0.1076
19860522,0.1076
19860523,0.1076
19860527,0.1111
19860528,0.1146
19860529,0.1172
19860530,0.1215
19860602,0.1181
19860603,0.1181
19860604,0.1172
19860605,0.1189
19860606,0.1189
19860609,0.1137
19860610,0.1137
19860611,0.1137
19860612,0.1094
19860613,0.1094
19860616,0.1085
19860617,0.1102
19860618,0.1094
19860619,0.1085
19860620,0.1089
19860623,0.1102
19860624,0.1094
19860625,0.1076
19860626,0.1042
19860627,0.1033
19860630,0.1068
19860701,0.1068
19860702,0.1068
19860703,0.1085
19860707,0.1042
19860708,0.1016
19860709,0.0972
19860710,0.0946
19860711,0.0972
19860714,0.0959
19860715,0.0972
19860716,0.1007
19860717,0.1024
19860718,0.1033
19860721,0.1033
19860722,0.1068
19860723,0.1042
19860724,0.1076
19860725,0.1085
19860728,0.1059
19860729,0.1033
19860730,0.0998
19860731,0.099
19860801,0.0981
19860804,0.0981
19860805,0.0972
19860806,0.0963
19860807,0.0955
19860808,0.0963
19860811,0.0998
19860812,0.1024
19860813,0.1033
19860814,0.1059
19860815,0.1063
19860818,0.105
19860819,0.105
19860820,0.1042
19860821,0.1042
19860822,0.1024
19860825,0.1024
19860826,0.1016
19860827,0.1016
19860828,0.1016
19860829,0.099
19860902,0.0963
19860903,0.0938
19860904,0.1016
19860905,0.1059
19860908,0.105
19860909,0.1068
19860910,0.105
19860911,0.1007
19860912,0.0981
19860915,0.0998
19860916,0.0998
19860917,0.1024
19860918,0.1033
19860919,0.1033
19860922,0.1024
19860923,0.1042
19860924,0.1028
19860925,0.1007
19860926,0.1007
19860929,0.0981
19860930,0.0981
19861001,0.0972
19861002,0.0972
19861003,0.0981
19861006,0.1059
19861007,0.1081
19861008,0.1111
19861009,0.1146
19861010,0.1198
19861013,0.1146
19861014,0.1163
19861015,0.1215
19861016,0.1215
19861017,0.125
19861020,0.1259
19861021,0.1311
19861022,0.1311
19861023,0.1311
19861024,0.1302
19861027,0.1346
19861028,0.1376
19861029,0.1337
19861030,0.1363
19861031,0.1346
19861103,0.1372
19861104,0.1424
19861105,0.151
19861106,0.1545
19861107,0.1537
19861110,0.1476
19861111,0.1484
19861112,0.1484
19861113,0.1463
19861114,0.1476
19861117,0.1484
19861118,0.1406
19861119,0.1458
19861120,0.1571
19861121,0.1623
19861124,0.1753
19861125,0.1771
19861126,0.1753
19861128,0.1727
19861201,0.1693
19861202,0.1701
19861203,0.1689
19861204,0.171
19861205,0.1701
19861208,0.1684
19861209,0.1675
19861210,0.1689
19861211,0.1701
19861212,0.1641
19861215,0.1597
19861216,0.1615
19861217,0.1632
19861218,0.1645
19861219,0.1684
19861222,0.1701
19861223,0.1719
19861224,0.1715
19861226,0.171
19861229,0.1641
19861230,0.1658
19861231,0.1675
19870102,0.1658
19870105,0.1753
19870106,0.1779
19870107,0.1875
19870108,0.1936
19870109,0.2014
19870112,0.2144
19870113,0.2083
19870114,0.2083
19870115,0.2196
19870116,0.2144
19870119,0.2222
19870120,0.2257
19870121,0.2352
19870122,0.2587
19870123,0.2344
19870126,0.2387
19870127,0.2483
19870128,0.2491
19870129,0.2387
19870130,0.2539
19870202,0.2535
19870203,0.2491
19870204,0.25
19870205,0.2483
19870206,0.2391
19870209,0.237
19870210,0.2378
19870211,0.2491
19870212,0.2665
19870213,0.2639
19870217,0.2656
19870218,0.2491
19870219,0.2387
19870220,0.2361
19870223,0.2509
19870224,0.263
19870225,0.2587
19870226,0.2682
19870227,0.2665
19870302,0.2587
19870303,0.2587
19870304,0.2769
19870305,0.2899
19870306,0.2891
19870309,0.2839
19870310,0.2925
19870311,0.2969
19870312,0.2982
19870313,0.2873
19870316,0.2856
19870317,0.2951
19870318,0.3108
19870319,0.3168
19870320,0.3134
19870323,0.3112
19870324,0.3134
19870325,0.3121
19870326,0.3099
19870327,0.3186
19870330,0.3359
19870331,0.3359
19870401,0.316
19870402,0.3299
19870403,0.3464
19870406,0.3446
19870407,0.3264
19870408,0.3359
19870409,0.3299
19870410,0.332
19870413,0.3212
19870414,0.3264
19870415,0.3333
19870416,0.342
19870420,0.3325
19870421,0.3377
19870422,0.342
19870423,0.342
19870424,0.3438
19870427,0.3438
19870428,0.3689
19870429,0.3585
19870430,0.3611
19870501,0.3646
19870504,0.3715
19870505,0.4019
19870506,0.3924
19870507,0.4106
19870508,0.4392
19870511,0.4271
19870512,0.4123
19870513,0.4227
19870514,0.4262
19870515,0.4141
19870518,0.4002
19870519,0.3863
19870520,0.3802
19870521,0.3871
19870522,0.3759
19870526,0.3802
19870527,0.3802
19870528,0.4036
19870529,0.4002
19870601,0.3924
19870602,0.3906
19870603,0.3932
19870604,0.3906
19870605,0.3793
19870608,0.3811
19870609,0.3785
19870610,0.3594
19870611,0.3385
19870612,0.3411
19870615,0.3411
19870616,0.3481
19870617,0.3602
19870618,0.3641
19870619,0.3629
19870622,0.3602
19870623,0.3568
19870624,0.3637
19870625,0.3629
19870626,0.3637
19870629,0.362
19870630,0.3542
19870701,0.3559
19870702,0.3472
19870706,0.3385
19870707,0.3134
19870708,0.3238
19870709,0.3325
19870710,0.3368
19870713,0.3446
19870714,0.3646
19870715,0.355
19870716,0.3542
19870717,0.355
19870720,0.3455
19870721,0.3446
19870722,0.3472
19870723,0.3394
19870724,0.342
19870727,0.3464
19870728,0.3455
19870729,0.3446
19870730,0.3368
19870731,0.3264
19870803,0.3186
19870804,0.3255
19870805,0.3377
19870806,0.3507
19870807,0.3594
19870810,0.3594
19870811,0.3524
19870812,0.3472
19870813,0.3576
19870814,0.3594
19870817,0.362
19870818,0.3559
19870819,0.3559
19870820,0.3654
19870821,0.3715
19870824,0.388
19870825,0.3984
19870826,0.401
19870827,0.4019
19870828,0.4175
19870831,0.4123
19870901,0.3941
19870902,0.3993
19870903,0.4002
19870904,0.3889
19870908,0.3871
19870909,0.3915
19870910,0.3976
19870911,0.4036
19870914,0.4141
19870915,0.4093
19870916,0.4054
19870917,0.4028
19870918,0.3993
19870921,0.3715
19870922,0.3976
19870923,0.4184
19870924,0.4254
19870925,0.4306
19870928,0.4444
19870929,0.4462
19870930,0.4601
19871001,0.4757
19871002,0.5035
19871005,0.5486
19871006,0.5121
19871007,0.5069
19871008,0.5
19871009,0.4983
19871012,0.4965
19871013,0.5087
19871014,0.4948
19871015,0.4896
19871016,0.4496
19871019,0.3142
19871020,0.3333
19871021,0.3933
19871022,0.3698
19871023,0.3351
19871026,0.2726
19871027,0.2865
19871028,0.2865
19871029,0.3316
19871030,0.3455
19871102,0.349
19871103,0.3333
19871104,0.3385
19871105,0.3507
19871106,0.3299
19871109,0.3264
19871110,0.3264
19871111,0.3403
19871112,0.3472
19871113,0.3351
19871116,0.3316
19871117,0.3246
19871118,0.3333
19871119,0.3212
19871120,0.3299
19871123,0.3316
19871124,0.3299
19871125,0.3194
19871127,0.3142
19871130,0.3108
19871201,0.3038
19871202,0.3056
19871203,0.2804
19871204,0.2917
19871207,0.3004
19871208,0.3299
19871209,0.3212
19871210,0.3299
19871211,0.3333
19871214,0.3524
19871215,0.3559
19871216,0.3767
19871217,0.3611
19871218,0.3611
19871221,0.3576
19871222,0.3646
19871223,0.3698
19871224,0.3698
19871228,0.3559
19871229,0.3785
19871230,0.3871
19871231,0.3767
19880104,0.3889
19880105,0.3958
19880106,0.4062
19880107,0.4201
19880108,0.3889
19880111,0.4019
19880112,0.3941
19880113,0.3941
19880114,0.3906
19880115,0.401
19880118,0.3976
19880119,0.3976
19880120,0.375
19880121,0.3819
19880122,0.3742
19880125,0.3871
19880126,0.3785
19880127,0.3871
19880128,0.3924
19880129,0.3871
19880201,0.3837
19880202,0.3871
19880203,0.3663
19880204,0.3542
19880205,0.3576
19880208,0.3594
19880209,0.3663
19880210,0.3733
19880211,0.3802
19880212,0.3837
19880216,0.3993
19880217,0.3993
19880218,0.4028
19880219,0.408
19880222,0.408
19880223,0.4132
19880224,0.4158
19880225,0.4037
19880226,0.4045
19880229,0.4124
19880301,0.4097
19880302,0.4132
19880303,0.4236
19880304,0.4219
19880307,0.4349
19880308,0.4436
19880309,0.4444
19880310,0.4358
19880311,0.434
19880314,0.4419
19880315,0.434
19880316,0.4496
19880317,0.4436
19880318,0.4045
19880321,0.408
19880322,0.4184
19880323,0.4097
19880324,0.3924
19880325,0.3898
19880328,0.395
19880329,0.3924
19880330,0.3802
19880331,0.3924
19880404,0.3837
19880405,0.3889
19880406,0.4037
19880407,0.3976
19880408,0.4028
19880411,0.3993
19880412,0.3871
19880413,0.3958
19880414,0.3681
19880415,0.3767
19880418,0.3802
19880419,0.3767
19880420,0.3785
19880421,0.3776
19880422,0.3837
19880425,0.3828
19880426,0.3871
19880427,0.3854
19880428,0.3846
19880429,0.3785
19880502,0.3819
19880503,0.3924
19880504,0.3967
19880505,0.3958
19880506,0.3976
19880509,0.3976
19880510,0.3958
19880511,0.3871
19880512,0.3889
19880513,0.3941
19880516,0.4045
19880517,0.4028
19880518,0.3941
19880519,0.3958
19880520,0.3906
19880523,0.3819
19880524,0.3941
19880525,0.3871
19880526,0.3898
19880527,0.3854
19880531,0.4028
19880601,0.4115
19880602,0.4097
19880603,0.4132
19880606,0.4219
19880607,0.4236
19880608,0.4306
19880609,0.4288
19880610,0.4323
19880613,0.4332
19880614,0.4375
19880615,0.4444
19880616,0.441
19880617,0.4375
19880620,0.4358
19880621,0.4444
19880622,0.4653
19880623,0.4583
19880624,0.4531
19880627,0.4444
19880628,0.4566
19880629,0.4566
19880630,0.4653
19880701,0.4722
19880705,0.4835
19880706,0.4774
19880707,0.4774
19880708,0.4757
19880711,0.4635
19880712,0.4557
19880713,0.4635
19880714,0.4653
19880715,0.4653
19880718,0.4688
19880719,0.4583
19880720,0.4444
19880721,0.4236
19880722,0.4288
19880725,0.4201
19880726,0.4028
19880727,0.4002
19880728,0.4045
19880729,0.4132
19880801,0.4062
19880802,0.3993
19880803,0.3906
19880804,0.3854
19880805,0.3715
19880808,0.3698
19880809,0.3594
19880810,0.3507
19880811,0.3594
19880812,0.3611
19880815,0.3524
19880816,0.3646
19880817,0.3646
19880818,0.3663
19880819,0.3507
19880822,0.3333
19880823,0.3429
19880824,0.3576
19880825,0.3524
19880826,0.3568
19880829,0.362
19880830,0.3559
19880831,0.3472
19880901,0.3394
19880902,0.3576
19880906,0.3611
19880907,0.3594
19880908,0.3611
19880909,0.375
19880912,0.3733
19880913,0.375
19880914,0.375
19880915,0.3629
19880916,0.3611
19880919,0.3594
19880920,0.3698
19880921,0.3733
19880922,0.3785
19880923,0.3733
19880926,0.3638
19880927,0.3611
19880928,0.3681
19880929,0.3681
19880930,0.3629
19881003,0.3568
19881004,0.3551
19881005,0.349
19881006,0.3472
19881007,0.3455
19881010,0.342
19881011,0.3455
19881012,0.3516
19881013,0.3576
19881014,0.3559
19881017,0.3611
19881018,0.3646
19881019,0.3698
19881020,0.3715
19881021,0.3681
19881024,0.3611
19881025,0.3507
19881026,0.3455
19881027,0.3438
19881028,0.3438
19881031,0.3403
19881101,0.3385
19881102,0.3281
19881103,0.3281
19881104,0.3229
19881107,0.3246
19881108,0.3377
19881109,0.3455
19881110,0.3403
19881111,0.3308
19881114,0.3368
19881115,0.3264
19881116,0.3212
19881117,0.3194
19881118,0.3238
19881121,0.3194
19881122,0.3194
19881123,0.3256
19881125,0.3221
19881128,0.3264
19881129,0.3299
19881130,0.3281
19881201,0.3403
19881202,0.3455
19881205,0.3438
19881206,0.3455
19881207,0.342
19881208,0.3403
19881209,0.3403
19881212,0.329
19881213,0.3316
19881214,0.336
19881215,0.3403
19881216,0.3455
19881219,0.3524
19881220,0.3559
19881221,0.3629
19881222,0.3611
19881223,0.3611
19881227,0.3594
19881228,0.3629
19881229,0.3698
19881230,0.3698
19890103,0.3724
19890104,0.3767
19890105,0.3707
19890106,0.3681
19890109,0.3646
19890110,0.3611
19890111,0.3646
19890112,0.3646
19890113,0.3681
19890116,0.369
19890117,0.3576
19890118,0.3576
19890119,0.3715
19890120,0.3759
19890123,0.3681
19890124,0.3663
19890125,0.3681
19890126,0.3767
19890127,0.3846
19890130,0.4062
19890131,0.4141
19890201,0.4115
19890202,0.4228
19890203,0.4236
19890206,0.4201
19890207,0.4315
19890208,0.434
19890209,0.4427
19890210,0.4297
19890213,0.4254
19890214,0.4184
19890215,0.4323
19890216,0.4358
19890217,0.434
19890221,0.4288
19890222,0.4167
19890223,0.4193
19890224,0.408
19890227,0.4149
19890228,0.4132
19890301,0.4115
19890302,0.4219
19890303,0.4288
19890306,0.4306
19890307,0.3715
19890308,0.3646
19890309,0.3594
19890310,0.3594
19890313,0.3663
19890314,0.3663
19890315,0.349
19890316,0.3559
19890317,0.3229
19890320,0.3229
19890321,0.3464
19890322,0.3403
19890323,0.349
19890327,0.3455
19890328,0.3455
19890329,0.3438
19890330,0.3464
19890331,0.3464
19890403,0.349
19890404,0.3472
19890405,0.3499
19890406,0.3559
19890407,0.3559
19890410,0.3568
19890411,0.3568
19890412,0.3342
19890413,0.3385
19890414,0.3524
19890417,0.3576
19890418,0.3698
19890419,0.3811
19890420,0.3889
19890421,0.3837
19890424,0.3828
19890425,0.3802
19890426,0.375
19890427,0.3802
19890428,0.3881
19890501,0.3794
19890502,0.375
19890503,0.375
19890504,0.3646
19890505,0.3611
19890508,0.3576
19890509,0.3681
19890510,0.375
19890511,0.375
19890512,0.3767
19890515,0.3802
19890516,0.3906
19890517,0.3985
19890518,0.4045
19890519,0.4045
19890522,0.4115
19890523,0.3933
19890524,0.3993
19890525,0.3993
19890526,0.4089
19890530,0.4097
19890531,0.4201
19890601,0.4167
19890602,0.4045
19890605,0.3941
19890606,0.4062
19890607,0.4149
19890608,0.4149
19890609,0.4149
19890612,0.4097
19890613,0.3976
19890614,0.401
19890615,0.3941
19890616,0.3941
19890619,0.3924
19890620,0.3785
19890621,0.3819
19890622,0.3854
19890623,0.3846
19890626,0.3802
19890627,0.3742
19890628,0.3663
19890629,0.3611
19890630,0.3681
19890703,0.375
19890705,0.3837
19890706,0.3663
19890707,0.3715
19890710,0.3811
19890711,0.3715
19890712,0.3698
19890713,0.3681
19890714,0.3663
19890717,0.3698
19890718,0.3715
19890719,0.3759
19890720,0.3715
19890721,0.3837
19890724,0.3837
19890725,0.3611
19890726,0.3663
19890727,0.3733
19890728,0.3767
19890731,0.3802
19890801,0.3767
19890802,0.3767
19890803,0.3819
19890804,0.3958
19890807,0.401
19890808,0.4097
19890809,0.408
19890810,0.4062
19890811,0.401
19890814,0.3958
19890815,0.3993
19890816,0.3881
19890817,0.3924
19890818,0.3993
19890821,0.3898
19890822,0.4054
19890823,0.4115
19890824,0.4097
19890825,0.4089
19890828,0.4106
19890829,0.4062
19890830,0.4115
19890831,0.408
19890901,0.4158
19890905,0.4167
19890906,0.4115
19890907,0.4045
19890908,0.4097
19890911,0.4124
19890912,0.4184
19890913,0.4323
19890914,0.4427
19890915,0.4358
19890918,0.441
19890919,0.434
19890920,0.4514
19890921,0.4549
19890922,0.4583
19890925,0.4653
19890926,0.467
19890927,0.4626
19890928,0.4722
19890929,0.4757
19891002,0.4835
19891003,0.4792
19891004,0.5243
19891005,0.5504
19891006,0.5538
19891009,0.5677
19891010,0.5642
19891011,0.5556
19891012,0.5451
19891013,0.5104
19891016,0.526
19891017,0.546
19891018,0.559
19891019,0.5851
19891020,0.592
19891023,0.5772
19891024,0.5616
19891025,0.5538
19891026,0.5399
19891027,0.5347
19891030,0.5529
19891031,0.5677
19891101,0.5703
19891102,0.5295
19891103,0.5434
19891106,0.5365
19891107,0.5625
19891108,0.5781
19891109,0.5816
19891110,0.5868
19891113,0.6119
19891114,0.6007
19891115,0.6146
19891116,0.6076
19891117,0.6033
19891120,0.6007
19891121,0.6119
19891122,0.6129
19891124,0.6085
19891127,0.6024
19891128,0.6042
19891129,0.5938
19891130,0.6042
19891201,0.5903
19891204,0.599
19891205,0.6024
19891206,0.592
19891207,0.5938
19891208,0.5885
19891211,0.5764
19891212,0.5729
19891213,0.5556
19891214,0.5417
19891215,0.5347
19891218,0.5434
19891219,0.5581
19891220,0.5746
19891221,0.5799
19891222,0.5955
19891226,0.5938
19891227,0.599
19891228,0.592
19891229,0.6042
19900102,0.6163
19900103,0.6198
19900104,0.638
19900105,0.6224
19900108,0.6319
19900109,0.6302
19900110,0.6129
19900111,0.6007
19900112,0.5981
19900115,0.5981
19900116,0.6163
19900117,0.6076
19900118,0.6597
19900119,0.6536
19900122,0.6302
19900123,0.6233
19900124,0.6302
19900125,0.6302
19900126,0.6302
19900129,0.6354
19900130,0.6337
19900131,0.6424
19900201,0.651
19900202,0.651
19900205,0.6545
19900206,0.6528
19900207,0.6476
19900208,0.6545
19900209,0.6562
19900212,0.658
19900213,0.658
19900214,0.6597
19900215,0.6736
19900216,0.6806
19900220,0.6962
19900221,0.6675
19900222,0.6692
19900223,0.6771
19900226,0.6892
19900227,0.6806
19900228,0.6858
19900301,0.6944
19900302,0.7205
19900305,0.7309
19900306,0.7257
19900307,0.7135
19900308,0.7379
19900309,0.7396
19900312,0.7517
19900313,0.7379
19900314,0.7491
19900315,0.7708
19900316,0.7917
19900319,0.809
19900320,0.7847
19900321,0.7865
19900322,0.7726
19900323,0.7656
19900326,0.7743
19900327,0.7812
19900328,0.7708
19900329,0.7674
19900330,0.7691
19900402,0.7743
19900403,0.8056
19900404,0.8125
19900405,0.7951
19900406,0.7934
19900409,0.7951
19900410,0.8194
19900411,0.8403
19900412,0.8385
19900416,0.8438
19900417,0.8611
19900418,0.8421
19900419,0.8264
19900420,0.8229
19900423,0.8194
19900424,0.8056
19900425,0.8056
19900426,0.7969
19900427,0.7812
19900430,0.8056
19900501,0.7935
19900502,0.809
19900503,0.8194
19900504,0.8576
19900507,0.8889
19900508,0.8715
19900509,0.8715
19900510,0.8958
19900511,0.9097
19900514,0.9132
19900515,0.8993
19900516,0.8993
19900517,0.8993
19900518,0.9479
19900521,0.9757
19900522,0.9931
19900523,1.0538
19900524,1.0625
19900525,1.0312
19900529,1.0451
19900530,1.0486
19900531,1.0139
19900601,1.0433
19900604,1.0625
19900605,1.019
19900606,1.0139
19900607,1
19900608,1.0208
19900611,1.0399
19900612,1.0538
19900613,1.0625
19900614,1.0486
19900615,1.0556
19900618,1.0399
19900619,1.0417
19900620,1.0781
19900621,1.0694
19900622,1.0521
19900625,1.0347
19900626,1.0382
19900627,1.059
19900628,1.0625
19900629,1.0556
19900702,1.0243
19900703,1
19900705,1.0035
19900706,1.0174
19900709,1.0312
19900710,1.0243
19900711,1.0486
19900712,1.0764
19900713,1.0885
19900716,1.1007
19900717,1.0799
19900718,1.0556
19900719,1.066
19900720,1.0174
19900723,1
19900724,0.9653
19900725,0.9931
19900726,0.9549
19900727,0.9583
19900730,0.9444
19900731,0.9236
19900801,0.9271
19900802,0.9167
19900803,0.8785
19900806,0.8403
19900807,0.8507
19900808,0.8819
19900809,0.9044
19900810,0.8958
19900813,0.9028
19900814,0.8924
19900815,0.8924
19900816,0.8576
19900817,0.8368
19900820,0.7708
19900821,0.7535
19900822,0.7465
19900823,0.7188
19900824,0.7951
19900827,0.8438
19900828,0.8733
19900829,0.8403
19900830,0.8333
19900831,0.8542
19900904,0.8646
19900905,0.8194
19900906,0.7986
19900907,0.8021
19900910,0.7743
19900911,0.7708
19900912,0.7969
19900913,0.7986
19900914,0.8299
19900917,0.8438
19900918,0.8576
19900919,0.8611
19900920,0.8299
19900921,0.8403
19900924,0.8125
19900925,0.8386
19900926,0.8368
19900927,0.8229
19900928,0.875
19901001,0.9322
19901002,0.9149
19901003,0.9132
19901004,0.8906
19901005,0.8993
19901008,0.9167
19901009,0.875
19901010,0.8264
19901011,0.8056
19901012,0.7917
19901015,0.7847
19901016,0.7588
19901017,0.7847
19901018,0.849
19901019,0.8611
19901022,0.8889
19901023,0.8924
19901024,0.9079
19901025,0.8993
19901026,0.8803
19901029,0.8681
19901030,0.8872
19901031,0.8854
19901101,0.8819
19901102,0.9028
19901105,0.9114
19901106,0.8924
19901107,0.8854
19901108,0.8819
19901109,0.8993
19901112,0.9565
19901113,0.9531
19901114,0.9653
19901115,0.9426
19901116,0.9444
19901119,0.9653
19901120,0.9479
19901121,0.9549
19901123,0.9549
19901126,0.9757
19901127,0.9982
19901128,0.9774
19901129,0.9896
19901130,1.0035
19901203,1.026
19901204,1.0347
19901205,1.0451
19901206,1.0382
19901207,1.0312
19901210,1.0278
19901211,1.0017
19901212,1.0069
19901213,1.0104
19901214,1.0225
19901217,1.0278
19901218,1.0451
19901219,1.0399
19901220,1.0486
19901221,1.0521
19901224,1.0451
19901226,1.0417
19901227,1.0382
19901228,1.0417
19901231,1.0451
19910102,1.0382
19910103,1.0451
19910104,1.0538
19910107,1.0399
19910108,1.0208
19910109,1.0278
19910110,1.0868
19910111,1.0833
19910114,1.066
19910115,1.0885
19910116,1.1424
19910117,1.1667
19910118,1.184
19910121,1.2431
19910122,1.2343
19910123,1.2361
19910124,1.2569
19910125,1.2431
19910128,1.2812
19910129,1.2847
19910130,1.3368
19910131,1.3628
19910201,1.3854
19910204,1.3767
19910205,1.4062
19910206,1.4688
19910207,1.4306
19910208,1.4444
19910211,1.4479
19910212,1.434
19910213,1.4653
19910214,1.3993
19910215,1.434
19910219,1.4236
19910220,1.4271
19910221,1.3889
19910222,1.4201
19910225,1.4306
19910226,1.4132
19910227,1.4618
19910228,1.441
19910301,1.4688
19910304,1.4861
19910305,1.5486
19910306,1.4896
19910307,1.4444
19910308,1.4236
19910311,1.3785
19910312,1.3299
19910313,1.3958
19910314,1.3611
19910315,1.3419
19910318,1.3785
19910319,1.375
19910320,1.375
19910321,1.316
19910322,1.3021
19910325,1.3646
19910326,1.46
19910327,1.4965
19910328,1.4739
19910401,1.4826
19910402,1.559
19910403,1.5799
19910404,1.5799
19910405,1.5278
19910408,1.5468
19910409,1.5312
19910410,1.4931
19910411,1.5417
19910412,1.4896
19910415,1.5799
19910416,1.559
19910417,1.5486
19910418,1.5278
19910419,1.4896
19910422,1.4183
19910423,1.4114
19910424,1.4306
19910425,1.3993
19910426,1.3993
19910429,1.3576
19910430,1.375
19910501,1.3993
19910502,1.3958
19910503,1.4062
19910506,1.4271
19910507,1.4062
19910508,1.4306
19910509,1.4688
19910510,1.4271
19910513,1.4322
19910514,1.4062
19910515,1.3611
19910516,1.3801
19910517,1.3785
19910520,1.3767
19910521,1.4167
19910522,1.4826
19910523,1.5208
19910524,1.5278
19910528,1.5382
19910529,1.5312
19910530,1.5312
19910531,1.5243
19910603,1.5556
19910604,1.5694
19910605,1.5556
19910606,1.5433
19910607,1.5312
19910610,1.5347
19910611,1.5364
19910612,1.5433
19910613,1.5417
19910614,1.5764
19910617,1.5764
19910618,1.5486
19910619,1.4357
19910620,1.3993
19910621,1.4201
19910624,1.3628
19910625,1.3715
19910626,1.3993
19910627,1.4167
19910628,1.4192
19910701,1.4869
19910702,1.4192
19910703,1.3333
19910705,1.2865
19910708,1.3958
19910709,1.414
19910710,1.3594
19910711,1.3802
19910712,1.4167
19910715,1.4556
19910716,1.4062
19910717,1.4115
19910718,1.3958
19910719,1.4115
19910722,1.4062
19910723,1.3854
19910724,1.3646
19910725,1.375
19910726,1.4792
19910729,1.4635
19910730,1.5156
19910731,1.5312
19910801,1.526
19910802,1.526
19910805,1.5052
19910806,1.5521
19910807,1.5833
19910808,1.6458
19910809,1.6823
19910812,1.7292
19910813,1.7188
19910814,1.7188
19910815,1.6979
19910816,1.7031
19910819,1.6719
19910820,1.6771
19910821,1.75
19910822,1.75
19910823,1.776
19910826,1.776
19910827,1.7656
19910828,1.7838
19910829,1.7865
19910830,1.776
19910903,1.7317
19910904,1.7213
19910905,1.6771
19910906,1.6823
19910909,1.6823
19910910,1.6667
19910911,1.7083
19910912,1.7838
19910913,1.7292
19910916,1.7292
19910917,1.7604
19910918,1.7656
19910919,1.7969
19910920,1.8021
19910923,1.7681
19910924,1.8333
19910925,1.8281
19910926,1.8594
19910927,1.8385
19910930,1.8542
19911001,1.8515
19911002,1.8125
19911003,1.8229
19911004,1.8358
19911007,1.8438
19911008,1.8594
19911009,1.8646
19911010,1.8698
19911011,1.8671
19911014,1.9219
19911015,1.9035
19911016,1.8906
19911017,1.8594
19911018,1.875
19911021,1.8958
19911022,1.9035
19911023,1.8802
19911024,1.8802
19911025,1.8646
19911028,1.8802
19911029,1.8906
19911030,1.9688
19911031,1.9556
19911101,1.9296
19911104,1.8958
19911105,1.9531
19911106,1.9844
19911107,1.974
19911108,1.9844
19911111,2.0312
19911112,2.0806
19911113,2.1042
19911114,2.0677
19911115,1.9792
19911118,2.026
19911119,2.0052
19911120,2.0104
19911121,2.026
19911122,2
19911125,1.9921
19911126,1.9688
19911127,1.9844
19911129,2.026
19911202,2.1094
19911203,2.1119
19911204,2.125
19911205,2.1198
19911206,2.1719
19911209,2.125
19911210,2.1198
19911211,2.099
19911212,2.125
19911213,2.125
19911216,2.1275
19911217,2.1223
19911218,2.1431
19911219,2.1406
19911220,2.151
19911223,2.224
19911224,2.2135
19911226,2.2473
19911227,2.2994
19911230,2.3073
19911231,2.3177
19920102,2.375
19920103,2.3542
19920106,2.4271
19920107,2.5
19920108,2.5885
19920109,2.651
19920110,2.6094
19920113,2.6483
19920114,2.6719
19920115,2.7396
19920116,2.6615
19920117,2.6354
19920120,2.5521
19920121,2.4869
19920122,2.6146
19920123,2.6042
19920124,2.5963
19920127,2.5129
19920128,2.5156
19920129,2.5938
19920130,2.5729
19920131,2.5052
19920203,2.6042
19920204,2.5938
19920205,2.651
19920206,2.6302
19920207,2.6198
19920210,2.5938
19920211,2.5521
19920212,2.6198
19920213,2.5521
19920214,2.4688
19920218,2.4635
19920219,2.3983
19920220,2.4479
19920221,2.3854
19920224,2.3931
19920225,2.4115
19920226,2.5417
19920227,2.6015
19920228,2.5729
19920302,2.5625
19920303,2.5677
19920304,2.5521
19920305,2.526
19920306,2.4635
19920309,2.4792
19920310,2.5365
19920311,2.5052
19920312,2.5233
19920313,2.5208
19920316,2.5885
19920317,2.6667
19920318,2.6327
19920319,2.6562
19920320,2.6771
19920323,2.6771
19920324,2.6562
19920325,2.6771
19920326,2.6042
19920327,2.526
19920330,2.5
19920331,2.4688
19920401,2.5104
19920402,2.4375
19920403,2.4479
19920406,2.526
19920407,2.4167
19920408,2.4427
19920409,2.5
19920410,2.4167
19920413,2.4479
19920414,2.4375
19920415,2.685
19920416,2.6588
19920420,2.4608
19920421,2.4192
19920422,2.4504
19920423,2.4115
19920424,2.3385
19920427,2.3594
19920428,2.2708
19920429,2.3202
19920430,2.2969
19920501,2.3698
19920504,2.375
19920505,2.4271
19920506,2.4167
19920507,2.3958
19920508,2.3854
19920511,2.375
19920512,2.3802
19920513,2.349
19920514,2.3073
19920515,2.2917
19920518,2.349
19920519,2.3854
19920520,2.4323
19920521,2.4296
19920522,2.4115
19920526,2.4062
19920527,2.3958
19920528,2.4792
19920529,2.5208
19920601,2.5885
19920602,2.5598
19920603,2.5625
19920604,2.5546
19920605,2.5208
19920608,2.4635
19920609,2.3958
19920610,2.3438
19920611,2.25
19920612,2.3438
19920615,2.3672
19920616,2.2734
19920617,2.2616
19920618,2.2578
19920619,2.2969
19920622,2.3203
19920623,2.2969
19920624,2.2578
19920625,2.1875
19920626,2.0859
19920629,2.2578
19920630,2.1875
19920701,2.2538
19920702,2.1834
19920706,2.1719
19920707,2.125
19920708,2.1444
19920709,2.1562
19920710,2.1719
19920713,2.1875
19920714,2.2225
19920715,2.2344
19920716,2.2578
19920717,2.1953
19920720,2.1641
19920721,2.2422
19920722,2.1875
19920723,2.2188
19920724,2.2734
19920727,2.2812
19920728,2.3125
19920729,2.3125
19920730,2.285
19920731,2.2734
19920803,2.3047
19920804,2.3084
19920805,2.25
19920806,2.2344
19920807,2.2109
19920810,2.2147
19920811,2.2303
19920812,2.2188
19920813,2.2147
19920814,2.2188
19920817,2.1719
19920818,2.1719
19920819,2.1641
19920820,2.1991
19920821,2.1797
19920824,2.1562
19920825,2.1991
19920826,2.2381
19920827,2.3006
19920828,2.3241
19920831,2.3281
19920901,2.3281
19920902,2.3553
19920903,2.3944
19920904,2.375
19920908,2.3984
19920909,2.4413
19920910,2.4688
19920911,2.4609
19920914,2.5547
19920915,2.5391
19920916,2.5116
19920917,2.535
19920918,2.4959
19920921,2.4725
19920922,2.4297
19920923,2.4725
19920924,2.5078
19920925,2.4609
19920928,2.4062
19920929,2.4609
19920930,2.5156
19921001,2.4881
19921002,2.4609
19921005,2.5547
19921006,2.5781
19921007,2.535
19921008,2.6053
19921009,2.5741
19921012,2.6209
19921013,2.6328
19921014,2.6094
19921015,2.6406
19921016,2.6678
19921019,2.7459
19921020,2.7459
19921021,2.8125
19921022,2.8047
19921023,2.7694
19921026,2.8125
19921027,2.75
19921028,2.7656
19921029,2.8125
19921030,2.7734
19921102,2.8006
19921103,2.7578
19921104,2.7656
19921105,2.8709
19921106,2.8984
19921109,2.8709
19921110,2.9022
19921111,2.9297
19921112,2.9219
19921113,2.9141
19921116,2.8984
19921117,2.8125
19921118,2.875
19921119,2.9375
19921120,2.9688
19921123,2.7656
19921124,2.8594
19921125,2.8475
19921127,2.8672
19921130,2.91
19921201,2.91
19921202,2.8359
19921203,2.8631
19921204,2.8672
19921207,2.9178
19921208,2.8906
19921209,2.875
19921210,2.7812
19921211,2.6991
19921214,2.7225
19921215,2.6991
19921216,2.7188
19921217,2.8125
19921218,2.8125
19921221,2.8281
19921222,2.7422
19921223,2.7266
19921224,2.7266
19921228,2.7344
19921229,2.7031
19921230,2.6834
19921231,2.6678
19930104,2.66
19930105,2.7031
19930106,2.7812
19930107,2.7266
19930108,2.7225
19930111,2.785
19930112,2.8047
19930113,2.8516
19930114,2.8516
19930115,2.8047
19930118,2.7891
19930119,2.7616
19930120,2.7616
19930121,2.7969
19930122,2.7928
19930125,2.7656
19930126,2.75
19930127,2.6953
19930128,2.7188
19930129,2.7031
19930201,2.7344
19930202,2.7812
19930203,2.7616
19930204,2.6562
19930205,2.7812
19930208,2.6797
19930209,2.6209
19930210,2.6719
19930211,2.6641
19930212,2.6131
19930216,2.5038
19930217,2.5078
19930218,2.5506
19930219,2.4922
19930222,2.3984
19930223,2.4844
19930224,2.6209
19930225,2.6366
19930226,2.6053
19930301,2.5469
19930302,2.6444
19930303,2.6484
19930304,2.6172
19930305,2.5859
19930308,2.6131
19930309,2.6328
19930310,2.6562
19930311,2.7031
19930312,2.7812
19930315,2.7381
19930316,2.7422
19930317,2.6678
19930318,2.6641
19930319,2.6328
19930322,2.6053
19930323,2.5975
19930324,2.6953
19930325,2.7303
19930326,2.7069
19930329,2.7188
19930330,2.8438
19930331,2.8906
19930401,2.9062
19930402,2.8047
19930405,2.8594
19930406,2.8047
19930407,2.8203
19930408,2.7812
19930412,2.8163
19930413,2.7772
19930414,2.7812
19930415,2.7225
19930416,2.7188
19930419,2.7188
19930420,2.7109
19930421,2.6522
19930422,2.6016
19930423,2.5428
19930426,2.5116
19930427,2.5781
19930428,2.6875
19930429,2.6719
19930430,2.6719
19930503,2.6913
19930504,2.75
19930505,2.7891
19930506,2.7266
19930507,2.7188
19930510,2.785
19930511,2.7422
19930512,2.6953
19930513,2.6797
19930514,2.6719
19930517,2.7031
19930518,2.7656
19930519,2.8906
19930520,2.9413
19930521,2.8906
19930524,2.8788
19930525,2.8516
19930526,2.9766
19930527,2.9413
19930528,2.8944
19930601,3.0078
19930602,2.9922
19930603,2.9569
19930604,2.9375
19930607,2.9141
19930608,2.8828
19930609,2.8438
19930610,2.8475
19930611,2.7928
19930614,2.8828
19930615,2.8906
19930616,2.8516
19930617,2.8397
19930618,2.7344
19930621,2.7694
19930622,2.75
19930623,2.7694
19930624,2.7656
19930625,2.7656
19930628,2.8203
19930629,2.7812
19930630,2.75
19930701,2.7225
19930702,2.7266
19930706,2.6875
19930707,2.6053
19930708,2.6522
19930709,2.6444
19930712,2.6172
19930713,2.5859
19930714,2.6328
19930715,2.6094
19930716,2.535
19930719,2.4609
19930720,2.5156
19930721,2.4688
19930722,2.4256
19930723,2.4256
19930726,2.4453
19930727,2.3594
19930728,2.4453
19930729,2.4688
19930730,2.3125
19930802,2.2734
19930803,2.2812
19930804,2.2812
19930805,2.3359
19930806,2.2891
19930809,2.2812
19930810,2.2188
19930811,2.2616
19930812,2.3125
19930813,2.3516
19930816,2.4297
19930817,2.4141
19930818,2.4141
19930819,2.3203
19930820,2.3828
19930823,2.4062
19930824,2.3709
19930825,2.3203
19930826,2.2538
19930827,2.2459
19930830,2.2694
19930831,2.3475
19930901,2.3984
19930902,2.3944
19930903,2.3672
19930907,2.3359
19930908,2.3281
19930909,2.3828
19930910,2.4375
19930913,2.3866
19930914,2.3516
19930915,2.3906
19930916,2.375
19930917,2.375
19930920,2.3631
19930921,2.375
19930922,2.4141
19930923,2.4609
19930924,2.5
19930927,2.5703
19930928,2.625
19930929,2.5938
19930930,2.5781
19931001,2.5625
19931004,2.5819
19931005,2.6016
19931006,2.6522
19931007,2.6288
19931008,2.6406
19931011,2.625
19931012,2.6328
19931013,2.6016
19931014,2.5663
19931015,2.5234
19931018,2.5938
19931019,2.5078
19931020,2.5312
19931021,2.4844
19931022,2.5116
19931025,2.5156
19931026,2.4844
19931027,2.4959
19931028,2.4688
19931029,2.5038
19931101,2.5272
19931102,2.5078
19931103,2.4531
19931104,2.3906
19931105,2.4609
19931108,2.4531
19931109,2.4453
19931110,2.5428
19931111,2.5506
19931112,2.5584
19931115,2.5156
19931116,2.5703
19931117,2.5234
19931118,2.5078
19931119,2.5038
19931122,2.4062
19931123,2.4178
19931124,2.4609
19931126,2.4688
19931129,2.4844
19931130,2.5
19931201,2.5469
19931202,2.5897
19931203,2.6797
19931206,2.6522
19931207,2.6719
19931208,2.6094
19931209,2.535
19931210,2.5584
19931213,2.5428
19931214,2.5
19931215,2.4922
19931216,2.5
19931217,2.5156
19931220,2.5625
19931221,2.5781
19931222,2.535
19931223,2.5272
19931227,2.5156
19931228,2.5859
19931229,2.5469
19931230,2.5391
19931231,2.5194
19940103,2.5038
19940104,2.5156
19940105,2.5703
19940106,2.6444
19940107,2.6641
19940110,2.6797
19940111,2.6641
19940112,2.6719
19940113,2.6678
19940114,2.6756
19940117,2.6484
19940118,2.6444
19940119,2.6016
19940120,2.6953
19940121,2.6953
19940124,2.6641
19940125,2.66
19940126,2.6328
19940127,2.6328
19940128,2.6522
19940131,2.66
19940201,2.66
19940202,2.625
19940203,2.6406
19940204,2.5391
19940207,2.5234
19940208,2.4609
19940209,2.4881
19940210,2.4803
19940211,2.4609
19940214,2.4725
19940215,2.4922
19940216,2.4609
19940217,2.4569
19940218,2.5
19940222,2.4844
19940223,2.5312
19940224,2.4959
19940225,2.5312
19940228,2.5781
19940301,2.6016
19940302,2.5859
19940303,2.5312
19940304,2.5312
19940307,2.5391
19940308,2.5312
19940309,2.5272
19940310,2.5272
19940311,2.5547
19940314,2.6209
19940315,2.6522
19940316,2.6484
19940317,2.6406
19940318,2.6484
19940321,2.6016
19940322,2.6484
19940323,2.6953
19940324,2.7266
19940325,2.7344
19940328,2.6991
19940329,2.5781
19940330,2.6131
19940331,2.6484
19940404,2.6406
19940405,2.7422
19940406,2.7812
19940407,2.8047
19940408,2.7188
19940411,2.7188
19940412,2.6484
19940413,2.6522
19940414,2.6288
19940415,2.6522
19940418,2.5938
19940419,2.7538
19940420,2.7969
19940421,2.8594
19940422,2.8672
19940425,2.9297
19940426,2.9669
19940428,2.8788
19940429,2.8906
19940502,2.9844
19940503,2.9219
19940504,2.9725
19940505,2.9491
19940506,2.8906
19940509,2.8828
19940510,2.9375
19940511,2.9219
19940512,2.9531
19940513,3.0156
19940516,2.9688
19940517,2.9569
19940518,3.0331
19940519,3.0741
19940520,3.0547
19940523,3.16
19940524,3.1956
19940525,3.2812
19940526,3.25
19940527,3.2738
19940531,3.3594
19940601,3.3125
19940602,3.2656
19940603,3.305
19940606,3.4062
19940607,3.3519
19940608,3.25
19940609,3.2656
19940610,3.285
19940613,3.305
19940614,3.3475
19940615,3.3906
19940616,3.3475
19940617,3.3125
19940620,3.3438
19940621,3.2894
19940622,3.2188
19940623,3.1331
19940624,3.0938
19940627,3.2425
19940628,3.2069
19940629,3.2113
19940630,3.2269
19940701,3.1406
19940705,3.0706
19940706,3.0194
19940707,3.1488
19940708,3.0938
19940711,3.0238
19940712,3
19940713,3.0938
19940714,3.0469
19940715,3.0394
19940718,3.1562
19940719,3.1331
19940720,3.0238
19940721,2.9844
19940722,3.16
19940725,3.1994
19940726,3.1488
19940727,3.0938
19940728,3.0938
19940729,3.2188
19940801,3.3363
19940802,3.3006
19940803,3.3363
19940804,3.2969
19940805,3.2812
19940808,3.3125
19940809,3.3438
19940810,3.3831
19940811,3.4531
19940812,3.4531
19940815,3.4025
19940816,3.43
19940817,3.4925
19940818,3.4688
19940819,3.43
19940822,3.4144
19940823,3.4688
19940824,3.4844
19940825,3.5119
19940826,3.555
19940829,3.5663
19940830,3.6488
19940831,3.6331
19940901,3.5081
19940902,3.5
19940906,3.5
19940907,3.555
19940908,3.6212
19940909,3.555
19940912,3.5081
19940913,3.5975
19940914,3.6019
19940915,3.6406
19940916,3.555
19940919,3.555
19940920,3.5
19940921,3.5781
19940922,3.5625
19940923,3.5
19940926,3.4725
19940927,3.5312
19940928,3.5625
19940929,3.5312
19940930,3.5081
19941003,3.4925
19941004,3.4375
19941005,3.4688
19941006,3.4062
19941007,3.3988
19941010,3.4219
19941011,3.4881
19941012,3.5156
19941013,3.5781
19941014,3.4962
19941017,3.4456
19941018,3.5394
19941019,3.6019
19941020,3.7269
19941021,3.7113
19941024,3.68
19941025,3.7306
19941026,3.8125
19941027,3.8519
19941028,3.8831
19941031,3.9375
19941101,3.9219
19941102,3.9375
19941103,3.9144
19941104,3.8438
19941107,3.8675
19941108,3.9769
19941109,3.9844
19941110,3.9806
19941111,3.8906
19941114,4.0312
19941115,4.035
19941116,4.0388
19941117,4.0156
19941118,4.0075
19941121,3.9688
19941122,3.875
19941123,3.8438
19941125,3.8906
19941128,3.9613
19941129,4.0075
19941130,3.93
19941201,3.91
19941202,3.9531
19941205,3.9569
19941206,3.9613
19941207,3.9375
19941208,3.9062
19941209,3.9456
19941212,3.9456
19941213,3.9219
19941214,3.9531
19941215,3.9688
19941216,3.9613
19941219,3.9144
19941220,3.7425
19941221,3.8438
19941222,3.7894
19941223,3.805
19941227,3.7969
19941228,3.8125
19941229,3.8631
19941230,3.8206
19950103,3.7619
19950104,3.7894
19950105,3.7269
19950106,3.7894
19950109,3.7656
19950110,3.8125
19950111,3.8363
19950112,3.8281
19950113,3.9219
19950116,4.0075
19950117,4.0388
19950118,4.0662
19950119,3.9688
19950120,3.8519
19950123,3.9256
19950124,3.8763
19950125,3.8594
19950126,3.7425
19950127,3.7425
19950130,3.6875
19950131,3.7113
19950201,3.6956
19950202,3.6875
19950203,3.7581
19950206,3.805
19950207,3.8125
19950208,3.8675
19950209,3.8675
19950210,3.875
19950213,3.875
19950214,3.8675
19950215,3.7969
19950216,3.805
19950217,3.7738
19950221,3.7344
19950222,3.8438
19950223,3.8519
19950224,3.8281
19950227,3.8594
19950228,3.9375
19950301,3.9531
19950302,3.9844
19950303,3.9769
19950306,4.0194
19950307,4.0837
19950308,4.2812
19950309,4.2419
19950310,4.285
19950313,4.3125
19950314,4.4844
19950315,4.4062
19950316,4.3825
19950317,4.3713
19950320,4.445
19950321,4.4025
19950322,4.4338
19950323,4.5469
19950324,4.6169
19950327,4.5625
19950328,4.6013
19950329,4.5156
19950330,4.5075
19950331,4.445
19950403,4.375
19950404,4.3669
19950405,4.4138
19950406,4.375
19950407,4.3513
19950410,4.4338
19950411,4.5075
19950412,4.4763
19950413,4.5312
19950417,4.8356
19950418,4.7969
19950419,4.7575
19950420,4.7031
19950421,4.6875
19950424,4.8594
19950425,5
19950426,4.9763
19950427,4.9138
19950428,5.1094
19950501,5.1325
19950502,4.9725
19950503,5.0544
19950504,5.0938
19950505,5
19950508,4.9919
19950509,4.9881
19950510,4.9531
19950511,5.0856
19950512,5.0469
19950515,5.0819
19950516,5.3044
19950517,5.375
19950518,5.2888
19950519,5.3356
19950522,5.4531
19950523,5.5312
19950524,5.4688
19950525,5.5781
19950526,5.4688
19950530,5.1875
19950531,5.2931
19950601,5.2575
19950602,5.195
19950605,5.2969
19950606,5.195
19950607,5.25
19950608,5.2575
19950609,5.3044
19950612,5.2344
19950613,5.2419
19950614,5.2381
19950615,5.3044
19950616,5.4375
19950619,5.6131
19950620,5.7106
19950621,5.6562
19950622,5.7419
19950623,5.695
19950626,5.6094
19950627,5.4294
19950628,5.4919
19950629,5.5856
19950630,5.6481
19950703,5.6838
19950705,5.6681
19950706,5.7969
19950707,5.9763
19950710,6.1794
19950711,6.0312
19950712,6.2419
19950713,6.2575
19950714,6.4763
19950717,6.8125
19950718,6.3669
19950719,5.9062
19950720,6.0075
19950721,5.75
19950724,5.8513
19950725,6.0231
19950726,6
19950727,6.0312
19950728,5.7888
19950731,5.6562
19950801,5.5938
19950802,5.5625
19950803,5.695
19950804,5.8669
19950807,5.8513
19950808,5.8438
19950809,6.0312
19950810,5.8825
19950811,6.0312
19950814,6.1719
19950815,6.1481
19950816,6.1719
19950817,6.195
19950818,6.07
19950821,5.9062
19950822,6.2069
19950823,6.1169
19950824,6.0075
19950825,5.8981
19950828,5.6287
19950829,5.7419
19950830,5.8281
19950831,5.7812
19950901,5.6094
19950905,5.9375
19950906,5.8438
19950907,5.9138
19950908,5.9688
19950911,6.1013
19950912,6.0156
19950913,6.0075
19950914,5.9294
19950915,5.84
19950918,5.75
19950919,5.8319
19950920,5.82
19950921,5.6638
19950922,5.6094
19950925,5.6394
19950926,5.5156
19950927,5.5388
19950928,5.7188
19950929,5.6562
19951002,5.5156
19951003,5.5544
19951004,5.3825
19951005,5.4688
19951006,5.3669
19951009,5.195
19951010,5.2344
19951011,5.4138
19951012,5.4763
19951013,5.3906
19951016,5.4219
19951017,5.695
19951018,5.9763
19951019,6.0469
19951020,5.9688
19951023,6.0231
19951024,6.0938
19951025,5.9919
19951026,6.125
19951027,6.25
19951030,6.4219
19951031,6.25
19951101,6.1481
19951102,6.25
19951103,6.2188
19951106,6.0856
19951107,5.8125
19951108,5.9531
19951109,6.1875
19951110,6.0544
19951113,6.0194
19951114,5.875
19951115,5.875
19951116,5.6169
19951117,5.4606
19951120,5.375
19951121,5.5
19951122,5.4606
19951124,5.5
19951127,5.4531
19951128,5.7188
19951129,5.6094
19951130,5.445
19951201,5.3906
19951204,5.4919
19951205,5.375
19951206,5.6638
19951207,5.6562
19951208,5.9062
19951211,5.82
19951212,5.7106
19951213,5.7344
19951214,5.5469
19951215,5.5231
19951218,5.4375
19951219,5.6794
19951220,5.445
19951221,5.625
19951222,5.6562
19951226,5.6406
19951227,5.5544
19951228,5.4606
19951229,5.4844
19960102,5.6094
19960103,5.4294
19960104,5.4606
19960105,5.3981
19960108,5.3906
19960109,5.0119
19960110,5.1481
19960111,5.4138
19960112,5.3594
19960115,5.1562
19960116,5.3981
19960117,5.3044
19960118,5.4763
19960119,5.7419
19960122,5.75
19960123,5.5938
19960124,5.7031
19960125,5.5856
19960126,5.6562
19960129,5.6481
19960130,5.6756
19960131,5.7812
19960201,5.8825
19960202,5.8125
19960205,6.07
19960206,6.0312
19960207,6.0544
19960208,6.1794
19960209,6.2575
19960212,6.2188
19960213,6.2263
19960214,6.1719
19960215,6.1562
19960216,6.1169
19960220,6.1094
19960221,6.2419
19960222,6.4062
19960223,6.4688
19960226,6.2888
19960227,6.2575
19960228,6.2575
19960229,6.1681
19960301,5.9688
19960304,6.0156
19960305,6.1325
19960306,6.0625
19960307,6.0819
19960308,5.945
19960311,6.0312
19960312,5.9844
19960313,6.3044
19960314,6.2263
19960315,6.3981
19960318,6.5781
19960319,6.6794
19960320,6.5388
19960321,6.2969
19960322,6.32
19960325,6.2419
19960326,6.4219
19960327,6.4062
19960328,6.3906
19960329,6.445
19960401,6.4219
19960402,6.5388
19960403,6.5312
19960404,6.5231
19960408,6.4844
19960409,6.3513
19960410,6.3513
19960411,6.32
19960412,6.32
19960415,6.47
19960416,6.5781
19960417,6.6213
19960418,6.8125
19960419,6.8594
19960422,7.0469
19960423,7.0388
19960424,6.9688
19960425,7.0469
19960426,7.0938
19960429,7.0388
19960430,7.0781
19960501,7.195
19960502,6.9763
19960503,6.9294
19960506,6.9844
19960507,7.07
19960508,7.1406
19960509,7.0938
19960510,7.1794
19960513,7.4138
19960514,7.4375
19960515,7.3513
19960516,7.32
19960517,7.3125
19960520,7.2969
19960521,7.195
19960522,7.3044
19960523,7.4062
19960524,7.4062
19960528,7.3281
19960529,7.32
19960530,7.3906
19960531,7.4219
19960603,7.3981
19960604,7.3669
19960605,7.5544
19960606,7.4881
19960607,7.5781
19960610,7.5388
19960611,7.6325
19960612,7.8125
19960613,7.7888
19960614,7.6875
19960617,7.7888
19960618,7.6481
19960619,7.6094
19960620,7.6094
19960621,7.7419
19960624,7.7575
19960625,7.625
19960626,7.5312
19960627,7.4963
19960628,7.5075
19960701,7.6444
19960702,7.6013
19960703,7.57
19960705,7.3981
19960708,7.5194
19960709,7.5
19960710,7.4688
19960711,7.1562
19960712,7.0231
19960715,6.9138
19960716,7.2106
19960717,7.32
19960718,7.4919
19960719,7.5613
19960722,7.4844
19960723,7.0075
19960724,7.1719
19960725,7.4062
19960726,7.445
19960729,7.3044
19960730,7.4138
19960731,7.3669
19960801,7.5388
19960802,7.7106
19960805,7.6094
19960806,7.75
19960807,7.7969
19960808,7.8281
19960809,7.7812
19960812,7.8281
19960813,7.7188
19960814,7.8044
19960815,7.82
19960816,7.7656
19960819,7.7188
19960820,7.7106
19960821,7.7188
19960822,7.8125
19960823,7.7031
19960826,7.6794
19960827,7.7969
19960828,7.8513
19960829,7.7575
19960830,7.6562
19960903,7.7106
19960904,7.7106
19960905,7.5938
19960906,7.6562
19960909,7.8044
19960910,7.7731
19960911,7.82
19960912,8.0394
19960913,8.1875
19960916,8.2188
19960917,8.3675
19960918,8.5312
19960919,8.6094
19960920,8.6331
19960923,8.6094
19960924,8.555
19960925,8.4769
19960926,8.25
19960927,8.3988
19960930,8.2425
19961001,8.2581
19961002,8.4219
19961003,8.375
19961004,8.5238
19961007,8.5938
19961008,8.4613
19961009,8.4062
19961010,8.3594
19961011,8.5706
19961014,8.5394
19961015,8.68
19961016,8.625
19961017,8.4688
19961018,8.4219
19961021,8.375
19961022,8.2812
19961023,8.4062
19961024,8.5394
19961025,8.5275
19961028,8.5394
19961029,8.4613
19961030,8.5156
19961031,8.5781
19961101,8.5863
19961104,8.625
19961105,8.8438
19961106,9.0312
19961107,8.9688
19961108,8.9688
19961111,8.9769
19961112,8.8594
19961113,9.0625
19961114,9.3519
19961115,9.3125
19961118,9.3988
19961119,9.7425
19961120,9.5781
19961121,9.3988
19961122,9.4062
19961125,9.5938
19961126,9.6094
19961127,9.7188
19961129,9.805
19961202,9.8594
19961203,9.6681
19961204,9.5781
19961205,9.5625
19961206,9.555
19961209,10.2188
19961210,10.2338
19961211,10.4213
19961212,10.125
19961213,10
19961216,9.5938
19961217,9.9838
19961218,10.3275
19961219,10.6088
19961220,10.4525
19961223,10.4688
19961224,10.6088
19961226,10.6875
19961227,10.5312
19961230,10.4375
19961231,10.3275
19970102,10.2025
19970103,10.5775
19970106,10.5463
19970107,10.625
19970108,10.4213
19970109,10.2963
19970110,10.5312
19970113,10.4688
19970114,10.6713
19970115,10.5775
19970116,10.75
19970117,10.89
19970120,11.3438
19970121,11.875
19970122,12.1713
19970123,11.8438
19970124,11.9925
19970127,12.015
19970128,11.9525
19970129,12.1562
19970130,12.64
19970131,12.75
19970203,12.7963
19970204,12.89
19970205,12.2963
19970206,12.14
19970207,12.5463
19970210,12.2188
19970211,12.3125
19970212,12.4838
19970213,12.5
19970214,12.2338
19970218,12.1713
19970219,12.1875
19970220,11.9062
19970221,11.875
19970224,12.515
19970225,12.4375
19970226,12.5312
19970227,12.015
19970228,12.1875
19970303,12.4375
19970304,12.39
19970305,12.6088
19970306,12.2188
19970307,12.0938
19970310,12.5
19970311,12.2963
19970312,12.3438
19970313,12.4525
19970314,12.375
19970317,12.5625
19970318,12.4525
19970319,12.0938
19970320,12
19970321,11.75
19970324,11.265
19970325,11.2887
19970326,11.7812
19970327,11.7188
19970331,11.4613
19970401,11.6562
19970402,11.5
19970403,11.89
19970404,11.7738
19970407,11.9838
19970408,12.2812
19970409,12.25
19970410,12.0938
19970411,11.875
19970414,12.1713
19970415,12.14
19970416,12.2812
19970417,12.265
19970418,13.4525
19970421,13.4525
19970422,13.8275
19970423,14.39
19970424,14.265
19970425,14.2025
19970428,14.3588
19970429,14.875
19970430,15.1875
19970501,15.125
19970502,15.0938
19970505,15.0238
19970506,14.6637
19970507,14.4375
19970508,14.5463
19970509,14.5938
19970512,14.765
19970513,14.7188
19970514,14.4838
19970515,14.64
19970516,14.43
19970519,14.39
19970520,14.89
19970521,15.0463
19970522,15.0775
19970523,15.3588
19970527,15.8275
19970528,15.7338
19970529,15.7338
19970530,15.5
19970602,15.5463
19970603,15.0938
19970604,14.8988
19970605,15.07
19970606,15.5075
19970609,15.64
19970610,15.6012
19970611,15.875
19970612,15.875
19970613,16.2038
19970616,16.4225
19970617,16.7738
19970618,16.2738
19970619,16.1637
19970620,16.235
19970623,16.0075
19970624,16.5075
19970625,16.305
19970626,16.0312
19970627,15.9375
19970630,15.7963
19970701,15.6175
19970702,16.0475
19970703,16.195
19970707,16.1875
19970708,16.4062
19970709,16.3438
19970710,16.235
19970711,16.2188
19970714,16.9925
19970715,17.3088
19970716,18.555
19970717,18.6875
19970718,17.5625
19970721,16.9925
19970722,18.0163
19970723,17.68
19970724,17.25
19970725,17.3125
19970728,17.125
19970729,17.4925
19970730,17.6413
19970731,17.6725
19970801,17.5788
19970804,17.695
19970805,17.9137
19970806,17.93
19970807,17.9925
19970808,17.5
19970811,17.2812
19970812,17
19970813,17.0075
19970814,17.0312
19970815,16.61
19970818,16.735
19970819,17.3512
19970820,17.57
19970821,17.235
19970822,17.1562
19970825,17.0625
19970826,16.875
19970827,16.82
19970828,16.5075
19970829,16.5238
19970902,17.1488
19970903,17.07
19970904,17.2738
19970905,17.1637
19970908,17.4137
19970909,17.4375
19970910,16.8913
19970911,17.1012
19970912,17.2425
19970915,16.3363
19970916,17.0475
19970917,16.6488
19970918,16.5312
19970919,16.8988
19970922,16.6637
19970923,16.9375
19970924,16.555
19970925,16.5938
19970926,16.6725
19970929,16.8125
19970930,16.5387
19971001,16.735
19971002,16.6488
19971003,16.8675
19971006,16.8913
19971007,17.07
19971008,17.375
19971009,17.3675
19971010,17.0625
19971013,17.0938
19971014,17.0863
19971015,16.9688
19971016,16.7388
19971017,16.5312
19971020,16.5788
19971021,17.3125
19971022,16.9613
19971023,16.9538
19971024,16.9225
19971027,16.11
19971028,16.6725
19971029,16.36
19971030,16.0788
19971031,16.25
19971103,16.7663
19971104,16.7812
19971105,16.695
19971106,16.5075
19971107,16.445
19971110,16.2738
19971111,16.3288
19971112,16.1488
19971113,16.445
19971114,16.6637
19971117,16.86
19971118,16.75
19971119,16.8825
19971120,17.11
19971121,17.235
19971124,16.9375
19971125,17.375
19971126,17.695
19971128,17.6875
19971201,17.9762
19971202,17.7812
19971203,18.0863
19971204,17.82
19971205,17.8913
19971208,18.2663
19971209,18.0387
19971210,17.7812
19971211,17.3825
19971212,17.0938
19971215,17.0163
19971216,17.3825
19971217,16.9538
19971218,16.36
19971219,16.0863
19971222,15.875
19971223,15.4137
19971224,14.8675
19971226,15.0938
19971229,15.7887
19971230,16.2812
19971231,16.1562
19980102,16.3913
19980105,16.2975
19980106,16.3913
19980107,16.195
19980108,16.3125
19980109,15.875
19980112,16.1875
19980113,16.5163
19980114,16.3913
19980115,16.5387
19980116,16.9062
19980120,17.2262
19980121,17.125
19980122,17.3288
19980123,17.2812
19980126,17.7188
19980127,18.1488
19980128,18.625
19980129,18.5312
19980130,18.6488
19980202,19.36
19980203,19.485
19980204,19.6012
19980205,19.43
19980206,19.7663
19980209,19.6488
19980210,19.9062
19980211,19.8675
19980212,19.8438
19980213,19.6875
19980217,19.2975
19980218,19.3288
19980219,19.36
19980220,19.3913
19980223,20.405
19980224,20.53
19980225,21.235
19980226,21.375
19980227,21.1875
19980302,20.8275
19980303,21.125
19980304,20.5775
19980305,20.015
19980306,20.6875
19980309,19.8975
19980310,20.375
19980311,20.1725
19980312,20.4675
19980313,20.5925
19980316,20.5
19980317,20.0925
19980318,20.4375
19980319,20.5
19980320,20.4525
19980323,20.9675
19980324,21.235
19980325,22.2025
19980326,22.0625
19980327,21.9525
19980330,21.985
19980331,22.375
19980401,22.5925
19980402,22.8275
19980403,23.25
19980406,22.485
19980407,21.8125
19980408,22.235
19980409,22.25
19980413,22.155
19980414,22.11
19980415,22.8425
19980416,22.9225
19980417,23.03
19980420,23.655
19980421,23.7175
19980422,24.7175
19980423,23.625
19980424,23.03
19980427,22.5775
19980428,22.4675
19980429,22.625
19980430,22.53
19980501,22.405
19980504,22.015
19980505,21.9375
19980506,21.5925
19980507,20.8425
19980508,21.4375
19980511,21.0625
19980512,21.4225
19980513,21.735
19980514,22.235
19980515,22.36
19980518,21.515
19980519,21.625
19980520,21.4375
19980521,21.5925
19980522,21.39
19980526,20.905
19980527,21.5
19980528,21.5775
19980529,21.2025
19980601,20.9375
19980602,21.375
19980603,21.0775
19980604,21.515
19980605,21.5625
19980608,21.4225
19980609,21.765
19980610,21.5
19980611,21.3275
19980612,21.4375
19980615,21.485
19980616,22.4675
19980617,22.765
19980618,22.7975
19980619,23.6725
19980622,23.9525
19980623,25.1875
19980624,26.235
19980625,25.39
19980626,26.11
19980629,26.86
19980630,27.0925
19980701,27.3425
19980702,26.8125
19980706,26.9525
19980707,26.985
19980708,27.4675
19980709,27.75
19980710,28.2975
19980713,29.39
19980714,29.125
19980715,29.3425
19980716,29.3425
19980717,29.485
19980720,29.25
19980721,28.2025
19980722,29.1875
19980723,28.25
19980724,28.4525
19980727,29.1875
19980728,28.0625
19980729,27.6725
19980730,28.36
19980731,27.485
19980803,27.11
19980804,26.125
19980805,26.0775
19980806,26.7175
19980807,26.4675
19980810,26.11
19980811,25.86
19980812,26.265
19980813,25.985
19980814,26.0625
19980817,26.8275
19980818,27.8125
19980819,27.64
19980820,28.14
19980821,27.655
19980824,27.5925
19980825,28.2025
19980826,28.14
19980827,27.3125
19980828,26.3125
19980831,23.985
19980901,25.3125
19980902,25.14
19980903,24.8125
19980904,24.155
19980908,25.4925
19980909,25.5625
19980910,25.1875
19980911,26.0625
19980914,26.5
19980915,27.0775
19980916,27.0475
19980917,26.235
19980918,26.3425
19980921,26.9675
19980922,27.2975
19980923,28.405
19980924,27.53
19980925,28.265
19980928,27.8275
19980929,28.2175
19980930,27.515
19981001,26.015
19981002,26.03
19981005,25.2975
19981006,24.405
19981007,23.53
19981008,22.7975
19981009,24.2175
19981012,24.9375
19981013,24.11
19981014,25.0475
19981015,26.36
19981016,26.265
19981019,25.735
19981020,25.0625
19981021,26.61
19981022,27.5
19981023,26.5925
19981026,26.765
19981027,26.36
19981028,26.4225
19981029,26.655
19981030,26.4675
19981102,26.4525
19981103,26.2975
19981104,26.375
19981105,26.5925
19981106,27.3275
19981109,27.6725
19981110,28.015
19981111,27.765
19981112,27.1875
19981113,27.5
19981116,27.2025
19981117,27.9675
19981118,27.4375
19981119,27.9375
19981120,28.405
19981123,29.7975
19981124,30.4225
19981125,31.0625
19981127,32.015
19981130,30.5
19981201,32.375
19981202,31.6875
19981203,30.53
19981204,31.8425
19981207,33.39
19981208,32.7975
19981209,33.4075
19981210,32.89
19981211,33.5
19981214,31.985
19981215,32.97
19981216,33.4375
19981217,33.595
19981218,34.4525
19981221,35.11
19981222,34.61
19981223,35.89
19981224,35.4375
19981228,35.595
19981229,35.125
19981230,34.75
19981231,34.6725
19990104,35.25
19990105,36.625
19990106,37.8125
19990107,37.625
19990108,37.47
19990111,36.875
19990112,35.5475
19990113,35.9525
19990114,35.4375
19990115,37.4375
19990119,38.9075
19990120,40.6575
19990121,39.5775
19990122,39.0625
19990125,40.47
19990126,42.89
19990127,42.1575
19990128,43.5
19990129,43.75
19990201,43.235
19990202,41.9075
19990203,41.7025
19990204,39.765
19990205,40
19990208,41.3125
19990209,40.015
19990210,40.1575
19990211,40.6875
19990212,39.4375
19990216,39.0625
19990217,37.5
19990218,36.4375
19990219,36.9375
19990222,37.2025
19990223,38.86
19990224,38.22
19990225,38.375
19990226,37.5325
19990301,37.9375
19990302,37.14
19990303,37.4075
19990304,38.0625
19990305,38.735
19990308,39.75
19990309,40.4525
19990310,40.345
19990311,40.36
19990312,40.0475
19990315,41.47
19990316,42.265
19990317,41.7825
19990318,43.11
19990319,42.7975
19990322,43.2025
19990323,41.64
19990324,42.8125
19990325,44.985
19990326,44.5325
19990329,46.185
19990330,46.5
19990331,44.81
19990401,46.345
19990405,47.47
19990406,47.03
19990407,46.655
19990408,47.28
19990409,47.125
19990412,46.5
19990413,45.06
19990414,42.935
19990415,44.435
19990416,43.31
19990419,40.5
19990420,41.56
19990421,41
19990422,42.47
19990423,43
19990426,44
19990427,42
19990428,41.06
19990429,41.03
19990430,40.655
19990503,39.935
19990504,39.03
19990505,39.56
19990506,38.97
19990507,39.53
19990510,39.845
19990511,39.935
19990512,40.25
19990513,39.56
19990514,38.435
19990517,39.56
19990518,39.345
19990519,39.655
19990520,39.22
19990521,38.78
19990524,38.625
19990525,38.125
19990526,39.25
19990527,39.185
19990528,40.345
19990601,39.25
19990602,39.22
19990603,38.185
19990604,39.78
19990607,40.125
19990608,39.685
19990609,41.155
19990610,39.935
19990611,39.06
19990614,38.78
19990615,38.845
19990616,40.5
19990617,41.435
19990618,42.5
19990621,44.47
19990622,43.25
19990623,43
19990624,42.31
19990625,42.47
19990628,43.375
19990629,44
19990630,45.095
19990701,45.595
19990702,46
19990706,44.78
19990707,46.155
19990708,46.28
19990709,46.625
19990712,47.095
19990713,46.81
19990714,47.47
19990715,47.185
19990716,49.72
19990719,49.185
19990720,46.655
19990721,47.345
19990722,45.53
19990723,45.125
19990726,43.81
19990727,44.405
19990728,45
19990729,43.47
19990730,42.905
19990802,42.405
19990803,42.375
19990804,42.47
19990805,42.875
19990806,42.56
19990809,41.905
19990810,41.47
19990811,42.095
19990812,40.875
19990813,42.345
19990816,42.155
19990817,42.28
19990818,42.5
19990819,41.905
19990820,41.685
19990823,43.22
19990824,46.095
19990825,47.655
19990826,47.31
19990827,46.625
19990830,46.125
19990831,46.28
19990901,46.185
19990902,45.905
19990903,47.935
19990907,47.125
19990908,46.125
19990909,47.03
19990910,47.5
19990913,46.935
19990914,47.53
19990915,46.31
19990916,47
19990917,48.22
19990920,48.78
19990921,47.31
19990922,48.03
19990923,45.595
19990924,45.47
19990927,45.72
19990928,46.06
19990929,44.75
19990930,45.28
19991001,44.99
19991004,46.28
19991005,45.905
19991006,46.845
19991007,46.875
19991008,47.47
19991011,47.155
19991012,46.28
19991013,45.53
19991014,45.345
19991015,44.03
19991018,43.935
19991019,43.155
19991020,46.125
19991021,46.53
19991022,46.345
19991025,46.22
19991026,46.185
19991027,45.435
19991028,44.935
19991029,46.28
19991101,46.185
19991102,46.28
19991103,46
19991104,45.875
19991105,45.78
19991108,44.97
19991109,44.435
19991110,43.56
19991111,44.81
19991112,44.595
19991115,43.5
19991116,43.655
19991117,42.5
19991118,42.47
19991119,43
19991122,44.905
19991123,44.81
19991124,45.845
19991126,45.56
19991129,45.095
19991130,45.525
19991201,46.595
19991202,47.405
19991203,48.06
19991206,47.72
19991207,46.5
19991208,45.875
19991209,46.375
19991210,46.935
19991213,48.31
19991214,49.345
19991215,54.22
19991216,56.845
19991217,57.625
19991220,56.375
19991221,57.935
19991222,58.78
19991223,58.72
19991227,59.56
19991228,58.75
19991229,58.97
19991230,58.81
19991231,58.375
20000103,58.28
20000104,56.31
20000105,56.905
20000106,55
20000107,55.72
20000110,56.125
20000111,54.685
20000112,52.905
20000113,53.905
20000114,56.125
20000118,57.655
20000119,53.5
20000120,53
20000121,51.875
20000124,50.625
20000125,51.405
20000126,49.685
20000127,49.375
20000128,49.125
20000131,48.935
20000201,51.47
20000202,50.405
20000203,51.81
20000204,53.28
20000207,53.31
20000208,54.97
20000209,52
20000210,53
20000211,49.97
20000214,49.81
20000215,49.28
20000216,48.81
20000217,49.81
20000218,47.53
20000222,46.905
20000223,47.125
20000224,47.375
20000225,45.655
20000228,45.78
20000229,44.685
20000301,45.405
20000302,46.685
20000303,48.06
20000306,45.31
20000307,46.435
20000308,47.78
20000309,50
20000310,50.5
20000313,49
20000314,47.56
20000315,47.685
20000316,47.685
20000317,49.685
20000320,48.685
20000321,51.375
20000322,51.625
20000323,55.935
20000324,55.845
20000327,52.03
20000328,52.155
20000329,53.595
20000330,51.685
20000331,53.125
20000403,45.435
20000404,44.28
20000405,43.185
20000406,43
20000407,44.53
20000410,43.03
20000411,41.935
20000412,39.685
20000413,39.625
20000414,37.06
20000417,37.935
20000418,40.28
20000419,39.345
20000420,39.47
20000424,33.31
20000425,34.685
20000426,34
20000427,34.905
20000428,34.875
20000501,36.72
20000502,34.935
20000503,35.28
20000504,35.22
20000505,35.56
20000508,34.905
20000509,33.905
20000510,33.095
20000511,33.935
20000512,34.405
20000515,34.685
20000516,34.75
20000517,33.845
20000518,33.095
20000519,32.53
20000522,32.095
20000523,31.595
20000524,32.78
20000525,30.75
20000526,30.72
20000530,31.69
20000531,31.28
20000601,32.28
20000602,33.155
20000605,33.435
20000606,34.81
20000607,35.25
20000608,34.405
20000609,34.405
20000612,33.435
20000613,33.935
20000614,35.25
20000615,36.185
20000616,36.28
20000619,36.845
20000620,37.47
20000621,40.345
20000622,39.935
20000623,38.845
20000626,39.75
20000627,39.405
20000628,39.47
20000629,38.595
20000630,40
20000703,40
20000705,39.25
20000706,40.47
20000707,41
20000710,39.72
20000711,39.56
20000712,40.155
20000713,39.97
20000714,39.47
20000717,39.095
20000718,39.25
20000719,36.56
20000720,37.405
20000721,36.155
20000724,35.28
20000725,34.5
20000726,33.905
20000727,34.685
20000728,34.845
20000731,34.905
20000801,34.345
20000802,34.685
20000803,35.125
20000804,34.56
20000807,35
20000808,37.06
20000809,37.125
20000810,36.31
20000811,36.22
20000814,36.095
20000815,35.81
20000816,35.5
20000817,35.78
20000818,35.5
20000821,35.31
20000822,35.625
20000823,35.375
20000824,35.56
20000825,35.31
20000828,35.655
20000829,35.47
20000830,35
20000831,34.905
20000901,35.095
20000905,35.06
20000906,34.72
20000907,35.03
20000908,34.655
20000911,34.405
20000912,34.06
20000913,34.125
20000914,32.905
20000915,32.095
20000918,31.5
20000919,32.5
20000920,32.125
20000921,32.095
20000922,31.625
20000925,30.625
20000926,31.345
20000927,30.315
20000928,30.655
20000929,30.155
20001002,29.565
20001003,28.28
20001004,27.72
20001005,27.69
20001006,27.78
20001009,27.095
20001010,27.28
20001011,27.875
20001012,27.19
20001013,26.875
20001016,25.19
20001017,25.22
20001018,25.875
20001019,30.94
20001020,32.595
20001023,31.065
20001024,30.75
20001025,30.625
20001026,32.22
20001027,33.845
20001030,34.53
20001031,34.435
20001101,34.81
20001102,35.155
20001103,34.125
20001106,34.75
20001107,35.25
20001108,34.72
20001109,35.435
20001110,33.685
20001113,33.22
20001114,34.405
20001115,35.03
20001116,34.47
20001117,34.53
20001120,33.595
20001121,33.875
20001122,34.125
20001124,34.97
20001127,35.345
20001128,33.5
20001129,32.53
20001130,28.69
20001201,28.315
20001204,28.22
20001205,29.94
20001206,28.345
20001207,26.565
20001208,27.22
20001211,29.03
20001212,29.19
20001213,28.625
20001214,27.75
20001215,24.595
20001218,23.905
20001219,22.405
20001220,20.75
20001221,21.72
20001222,23.22
20001226,23.44
20001227,23.22
20001228,22.28
20001229,21.69
20010102,21.69
20010103,23.97
20010104,24.22
20010105,24.565
20010108,24.47
20010109,25.905
20010110,26.44
20010111,27.5
20010112,26.75
20010116,26.28
20010117,26.47
20010118,27.75
20010119,30.5
20010122,30.065
20010123,30.28
20010124,31.47
20010125,30.905
20010126,32
20010129,32.25
20010130,31.69
20010131,30.53
20010201,31.19
20010202,30.405
20010205,30.97
20010206,31.28
20010207,32.345
20010208,31.125
20010209,29.565
20010212,29.375
20010213,29.095
20010214,29.19
20010215,29.405
20010216,28.655
20010220,27.94
20010221,28.125
20010222,27.595
20010223,28.375
20010226,29.78
20010227,29.69
20010228,29.5
20010301,29.68
20010302,28.345
20010305,28.72
20010306,29.72
20010307,30.345
20010308,29.625
20010309,28.345
20010312,25.97
20010313,27.095
20010314,27
20010315,26.845
20010316,27.28
20010319,27.155
20010320,26.345
20010321,25.03
20010322,27
20010323,28.28
20010326,28.03
20010327,29.125
20010328,27.78
20010329,27.69
20010330,27.345
20010402,27.905
20010403,26.69
20010404,25.97
20010405,28.375
20010406,28.095
20010409,28.575
20010410,29.84
20010411,30.02
20010412,31.09
20010416,30.395
20010417,30.74
20010418,32.715
20010419,34.02
20010420,34.5
20010423,34.125
20010424,33.775
20010425,34.845
20010426,34.565
20010427,33.56
20010430,33.875
20010501,35.085
20010502,34.88
20010503,34.265
20010504,35.375
20010507,35.69
20010508,36.03
20010509,35.2
20010510,35
20010511,34.7
20010514,34.36
20010515,34.135
20010516,34.58
20010517,34.085
20010518,34.045
20010521,34.395
20010522,35.155
20010523,34.85
20010524,35.86
20010525,35.455
20010529,35.17
20010530,34.595
20010531,34.59
20010601,35.17
20010604,35.39
20010605,36.3
20010606,36.18
20010607,36.84
20010608,36.595
20010611,36.06
20010612,36.04
20010613,35.345
20010614,34.45
20010615,34.01
20010618,33.44
20010619,33.66
20010620,34.705
20010621,34.92
20010622,34.415
20010625,34.425
20010626,35.07
20010627,35.57
20010628,36.37
20010629,36.5
20010702,35.3
20010703,35.235
20010705,34.255
20010706,33.03
20010709,32.845
20010710,32.24
20010711,33.25
20010712,35.8
20010713,35.67
20010716,35.59
20010717,35.91
20010718,35.285
20010719,36.285
20010720,34.59
20010723,33.545
20010724,33.16
20010725,33.74
20010726,33.295
20010727,32.735
20010730,32.9
20010731,33.095
20010801,33.235
20010802,33.725
20010803,33.445
20010806,33.065
20010807,33.175
20010808,32.43
20010809,32.505
20010810,32.76
20010813,32.915
20010814,32.345
20010815,31.6
20010816,32.31
20010817,30.94
20010820,31.35
20010821,30.39
20010822,30.33
20010823,29.56
20010824,31.025
20010827,31.155
20010828,30.37
20010829,30.125
20010830,28.47
20010831,28.525
20010904,28.05
20010905,28.87
20010906,28.01
20010907,27.7
20010910,28.79
20010917,26.455
20010918,27.16
20010919,26.935
20010920,25.38
20010921,24.855
20010924,26.005
20010925,25.65
20010926,25.135
20010927,24.98
20010928,25.585
20011001,25.895
20011002,26.525
20011003,28.115
20011004,28.22
20011005,28.86
20011008,29.02
20011009,27.28
20011010,27.755
20011011,28.16
20011012,28.19
20011015,29.03
20011016,29.225
20011017,28.015
20011018,28.375
20011019,28.95
20011022,30.08
20011023,30.215
20011024,30.66
20011025,31.28
20011026,31.1
20011029,29.82
20011030,29.44
20011031,29.075
20011101,30.92
20011102,30.7
20011105,31.635
20011106,32.39
20011107,32.125
20011108,32.21
20011109,32.605
20011112,32.895
20011113,33.95
20011114,32.975
20011115,33.06
20011116,32.875
20011119,33.27
20011120,32.7
20011121,32.025
20011123,32.355
20011126,32.57
20011127,31.87
20011128,31.4
20011129,32.42
20011130,32.105
20011203,32.385
20011204,33
20011205,34.05
20011206,34.325
20011207,33.915
20011210,33.53
20011211,33.66
20011212,33.975
20011213,33.135
20011214,33.72
20011217,34.49
20011218,34.635
20011219,34.745
20011220,33.38
20011221,33.77
20011224,33.635
20011226,33.84
20011227,33.925
20011228,33.935
20011231,33.125
20020102,33.52
20020103,34.615
20020104,34.45
20020107,34.28
20020108,34.69
20020109,34.355
20020110,34.64
20020111,34.305
20020114,34.235
20020115,34.775
20020116,33.935
20020117,34.93
20020118,33.05
20020122,32.23
20020123,31.87
20020124,32.3
20020125,31.9
20020128,31.91
20020129,31.16
20020130,31.425
20020131,31.855
20020201,31.33
20020204,30.56
20020205,30.575
20020206,30.2
20020207,29.9
20020208,30.325
20020211,30.565
20020212,30.07
20020213,30.91
20020214,30.84
20020215,30.115
20020219,29.465
20020220,29.95
20020221,29.025
20020222,28.995
20020225,29.54
20020226,29.275
20020227,29.195
20020228,29.17
20020301,30.685
20020304,31.65
20020305,31.54
20020306,31.815
20020307,31.36
20020308,31.975
20020311,32.17
20020312,31.27
20020313,31.05
20020314,30.61
20020315,31.245
20020318,31.07
20020319,31.115
20020320,30.05
20020321,30.68
20020322,30.225
20020325,29.615
20020326,29.54
20020327,29.72
20020328,30.155
20020401,30.19
20020402,28.64
20020403,28.165
20020404,28.225
20020405,27.935
20020408,28.61
20020409,27.435
20020410,28.15
20020411,27.395
20020412,27.965
20020415,27.845
20020416,28.905
20020417,28.315
20020418,28.185
20020419,28.6
20020422,27.795
20020423,26.995
20020424,26.51
20020425,26.865
20020426,25.75
20020429,26.12
20020430,26.13
20020501,26.375
20020502,25.605
20020503,24.78
20020506,24.31
20020507,24.735
20020508,27.485
20020509,26.06
20020510,25.025
20020513,26.345
20020514,27.44
20020515,27.375
20020516,27.87
20020517,28.015
20020520,27.005
20020521,26.095
20020522,26.845
20020523,27.41
20020524,26.63
20020528,26.16
20020529,26.025
20020530,26.32
20020531,25.455
20020603,24.71
20020604,24.99
20020605,25.83
20020606,25.95
20020607,25.99
20020610,26.41
20020611,26.285
20020612,27.77
20020613,27.11
20020614,27.625
20020617,27.84
20020618,27.995
20020619,27.18
20020620,27.05
20020621,26.14
20020624,27.08
20020625,26.475
20020626,27.065
20020627,27.46
20020628,27.35
20020701,26.33
20020702,25.72
20020703,25.92
20020705,27.425
20020708,26.46
20020709,26.605
20020710,26.12
20020711,26.455
20020712,25.93
20020715,25.9
20020716,25.625
20020717,26
20020718,25.555
20020719,24.78
20020722,23.755
20020723,21.505
20020724,23.115
20020725,21.415
20020726,22.675
20020729,24.125
20020730,24.05
20020731,23.99
20020801,22.875
20020802,22.205
20020805,21.995
20020806,22.835
20020807,23.545
20020808,24.455
20020809,24.06
20020812,24.235
20020813,23.53
20020814,24.855
20020815,24.885
20020816,25
20020819,26
20020820,25.52
20020821,26.14
20020822,26.615
20020823,26.11
20020826,26.05
20020827,25.42
20020828,24.69
20020829,25.29
20020830,24.54
20020903,23.51
20020904,24.105
20020905,22.955
20020906,23.91
20020909,24.35
20020910,24.895
20020911,24.29
20020912,23.575
20020913,23.955
20020916,23.89
20020917,23.645
20020918,23.875
20020919,23.6
20020920,23.73
20020923,22.615
20020924,22.82
20020925,23.255
20020926,23.1
20020927,22.625
20020930,21.87
20021001,23.115
20021002,22.805
20021003,22.4
20021004,21.885
20021007,22.025
20021008,22.495
20021009,21.995
20021010,23.19
20021011,24.435
20021014,24.645
20021015,26.145
20021016,25.205
20021017,25.385
20021018,26.575
20021021,26.255
20021022,25.835
20021023,26.6
20021024,25.615
20021025,26.34
20021028,25.975
20021029,26.035
20021030,26.555
20021031,26.735
20021101,26.5
20021104,28.05
20021105,28.34
20021106,28.515
20021107,28.005
20021108,27.55
20021111,26.93
20021112,27.255
20021113,27.68
20021114,28.495
20021115,28.345
20021118,27.925
20021119,27.43
20021120,28.31
20021121,28.92
20021122,29.11
20021125,29.115
20021126,28.45
20021127,29.04
20021129,28.84
20021202,28.845
20021203,28.355
20021204,28.27
20021205,27.67
20021206,27.735
20021209,26.765
20021210,27.005
20021211,27.33
20021212,27.085
20021213,26.25
20021216,27.24
20021217,27.18
20021218,26.765
20021219,26.555
20021220,26.52
20021223,27
20021224,26.91
20021226,26.695
20021227,26.485
20021230,26.375
20021231,25.85
20030102,26.86
20030103,26.895
20030106,27.385
20030107,27.9
20030108,27.12
20030109,27.905
20030110,27.96
20030113,28.195
20030114,28.485
20030115,28.135
20030116,27.675
20030117,25.73
20030121,25.665
20030122,25.5
20030123,26.14
20030124,24.925
20030127,24.585
20030128,24.41
20030129,24.955
20030130,24.12
20030131,23.73
20030203,24.28
20030204,23.66
20030205,23.48
20030206,23.71
20030207,23.29
20030210,23.69
20030211,23.22
20030212,23.22
20030213,23.495
20030214,24.15
20030218,24.96
20030219,24.53
20030220,24.14
20030221,24.63
20030224,24.07
20030225,24.19
20030226,23.61
20030227,23.58
20030228,23.7
20030303,23.54
20030304,23.07
20030305,23.44
20030306,23.27
20030307,23.56
20030310,22.95
20030311,22.8
20030312,23.39
20030313,24.67
20030314,24.86
20030317,25.93
20030318,26.04
20030319,26.32
20030320,26.25
20030321,26.57
20030324,25.29
20030325,25.49
20030326,25.25
20030327,25.04
20030328,24.67
20030331,24.21
20030401,24.35
20030402,25.72
20030403,25.73
20030404,25.09
20030407,25.17
20030408,25.58
20030409,24.57
20030410,24.59
20030411,24.2
20030414,24.76
20030415,24.6
20030416,24.92
20030417,25.5
20030421,25.21
20030422,25.76
20030423,25.72
20030424,25.49
20030425,25.22
20030428,25.74
20030429,25.8
20030430,25.57
20030501,25.72
20030502,26.1
20030505,25.86
20030506,26.37
20030507,25.99
20030508,25.74
20030509,26.36
20030512,26.2
20030513,25.99
20030514,25.62
20030515,25.79
20030516,25.57
20030519,24.76
20030520,24.63
20030521,24.03
20030522,24.16
20030523,24.22
20030527,24.79
20030528,24.41
20030529,24.4
20030530,24.61
20030602,24.64
20030603,24.88
20030604,24.87
20030605,24.09
20030606,23.67
20030609,23.75
20030610,24.68
20030611,24.88
20030612,24.99
20030613,24.65
20030616,25.39
20030617,25.96
20030618,26.07
20030619,26.07
20030620,26.33
20030623,25.78
20030624,25.7
20030625,25.26
20030626,25.75
20030627,25.63
20030630,25.64
20030701,26.15
20030702,26.88
20030703,26.5
20030707,27.42
20030708,27.7
20030709,27.47
20030710,26.91
20030711,27.31
20030714,27.4
20030715,27.27
20030716,27.52
20030717,26.69
20030718,26.89
20030721,26.04
20030722,26.38
20030723,26.45
20030724,26
20030725,26.89
20030728,26.61
20030729,26.47
20030730,26.23
20030731,26.41
20030801,26.17
20030804,26.18
20030805,25.66
20030806,25.65
20030807,25.71
20030808,25.58
20030811,25.61
20030812,25.73
20030813,25.6
20030814,25.63
20030815,25.54
20030818,25.7
20030819,26.62
20030820,26.45
20030821,26.24
20030822,26.22
20030825,26.5
20030826,26.57
20030827,26.42
20030828,26.51
20030829,26.52
20030902,27.26
20030903,28.3
20030904,28.43
20030905,28.38
20030908,28.84
20030909,28.37
20030910,27.55
20030911,27.84
20030912,28.34
20030915,28.36
20030916,28.9
20030917,28.5
20030918,29.5
20030919,29.96
20030922,29.07
20030923,29.6
20030924,28.46
20030925,28.24
20030926,28.19
20030929,28.83
20030930,27.8
20031001,28.52
20031002,28.5
20031003,29.08
20031006,29.19
20031007,29.14
20031008,28.82
20031009,28.94
20031010,28.91
20031013,28.78
20031014,28.68
20031015,29.07
20031016,29.23
20031017,28.93
20031020,29.35
20031021,29.35
20031022,28.89
20031023,28.91
20031024,26.61
20031027,26.91
20031028,27.2
20031029,26.74
20031030,26.12
20031031,26.14
20031103,26.68
20031104,26.07
20031105,26.1
20031106,26.23
20031107,26.1
20031110,26
20031111,25.8
20031112,25.98
20031113,25.69
20031114,25.5
20031117,25.15
20031118,25.15
20031119,25.35
20031120,25.1
20031121,25.11
20031124,25.73
20031125,25.4
20031126,25.45
20031128,25.71
20031201,25.84
20031202,25.66
20031203,25.67
20031204,26.2
20031205,25.98
20031208,26.24
20031209,26.38
20031210,26.59
20031211,26.61
20031212,26.65
20031215,26.74
20031216,27.06
20031217,27.04
20031218,27.4
20031219,27.36
20031222,27.18
20031223,27.15
20031224,27.04
20031226,27.21
20031229,27.46
20031230,27.52
20031231,27.37
20040102,27.45
20040105,28.14
20040106,28.24
20040107,28.21
20040108,28.16
20040109,27.66
20040112,27.57
20040113,27.43
20040114,27.7
20040115,27.54
20040116,27.81
20040120,28.1
20040121,28.3
20040122,28.01
20040123,28.48
20040126,28.8
20040127,28.25
20040128,27.71
20040129,27.91
20040130,27.65
20040202,27.4
20040203,27.29
20040204,27.01
20040205,26.96
20040206,27.08
20040209,26.9
20040210,27.02
20040211,27.15
20040212,26.95
20040213,26.59
20040217,26.99
20040218,26.77
20040219,26.46
20040220,26.57
20040223,26.61
20040224,26.88
20040225,26.7
20040226,26.5
20040227,26.53
20040301,26.7
20040302,26.39
20040303,26.37
20040304,26.37
20040305,26.35
20040308,25.83
20040309,25.72
20040310,25.37
20040311,25.09
20040312,25.38
20040315,25.16
20040316,25.18
20040317,25.13
20040318,24.89
20040319,24.63
20040322,24.5
20040323,24.15
20040324,24.41
20040325,25.19
20040326,25.03
20040329,25.31
20040330,25.2
20040331,24.93
20040401,25.08
20040402,25.85
20040405,25.95
20040406,25.8
20040407,25.59
20040408,25.48
20040412,25.61
20040413,25.45
20040414,25.51
20040415,25.22
20040416,25.16
20040419,25.53
20040420,25.33
20040421,25.45
20040422,25.95
20040423,27.54
20040426,27.24
20040427,27.22
20040428,26.56
20040429,26.48
20040430,26.13
20040503,26.35
20040504,26.33
20040505,26.3
20040506,26.12
20040507,25.78
20040510,25.93
20040511,25.94
20040512,25.94
20040513,26.1
20040514,25.86
20040517,25.54
20040518,25.83
20040519,25.62
20040520,25.73
20040521,25.89
20040524,25.76
20040525,26.1
20040526,26.14
20040527,26.19
20040528,26.23
20040601,26.11
20040602,26.13
20040603,25.89
20040604,25.95
20040607,26.43
20040608,26.6
20040609,26.47
20040610,26.77
20040614,26.9
20040615,27.41
20040616,27.32
20040617,27.77
20040618,28.35
20040621,28.35
20040622,28.29
20040623,28.3
20040624,28.39
20040625,28.57
20040628,28.28
20040629,28.5
20040630,28.56
20040701,28.63
20040702,28.57
20040706,28.02
20040707,28.1
20040708,27.64
20040709,27.86
20040712,27.89
20040713,27.6
20040714,28.13
20040715,27.87
20040716,27.48
20040719,27.95
20040720,28.32
20040721,28.86
20040722,29
20040723,28.03
20040726,28.66
20040727,28.44
20040728,28.58
20040729,28.48
20040730,28.49
20040802,28.52
20040803,28.07
20040804,28.06
20040805,27.53
20040806,27.14
20040809,27.18
20040810,27.72
20040811,27.41
20040812,26.88
20040813,27.02
20040816,27.09
20040817,27.05
20040818,27.46
20040819,27.12
20040820,27.2
20040823,27.24
20040824,27.24
20040825,27.55
20040826,27.44
20040827,27.46
20040830,27.3
20040831,27.3
20040901,27.39
20040902,27.62
20040903,27.11
20040907,27.36
20040908,27.26
20040909,27.28
20040910,27.49
20040913,27.25
20040914,27.44
20040915,27.19
20040916,27.26
20040917,27.51
20040920,27.51
20040921,27.26
20040922,27.12
20040923,27.35
20040924,27.29
20040927,27.19
20040928,27.27
20040929,27.58
20040930,27.65
20041001,28.25
20041004,28.12
20041005,28.38
20041006,28.53
20041007,28.17
20041008,27.99
20041011,28.06
20041012,28.03
20041013,28.03
20041014,27.8
20041015,27.99
20041018,28.41
20041019,28.18
20041020,28.7
20041021,28.56
20041022,27.74
20041025,27.63
20041026,27.9
20041027,28.15
20041028,28.01
20041029,27.97
20041101,28.08
20041102,28.24
20041103,28.47
20041104,29
20041105,29.31
20041108,29.28
20041109,29.77
20041110,29.73
20041111,29.98
20041112,29.97
20041115,27.39
20041116,27.12
20041117,27.17
20041118,27.07
20041119,26.86
20041122,26.65
20041123,26.53
20041124,26.64
20041126,26.6
20041129,26.77
20041130,26.81
20041201,27.25
20041202,27.09
20041203,27.23
20041206,27.33
20041207,27.07
20041208,27.36
20041209,27.23
20041210,27.08
20041213,27.25
20041214,27.23
20041215,27.11
20041216,27.16
20041217,26.96
20041220,26.95
20041221,27.07
20041222,26.97
20041223,27.01
20041227,26.85
20041228,26.95
20041229,26.9
20041230,26.76
20041231,26.72
20050103,26.74
20050104,26.84
20050105,26.78
20050106,26.75
20050107,26.67
20050110,26.8
20050111,26.73
20050112,26.78
20050113,26.27
20050114,26.12
20050118,26.32
20050119,25.98
20050120,25.86
20050121,25.65
20050124,25.67
20050125,26.02
20050126,26.01
20050127,26.11
20050128,26.18
20050131,26.28
20050201,26.39
20050202,26.46
20050203,26.18
20050204,26.32
20050207,26.16
20050208,26.24
20050209,26.07
20050210,26.06
20050211,25.97
20050214,26.01
20050215,25.93
20050216,25.79
20050217,25.65
20050218,25.48
20050222,25.23
20050223,25.2
20050224,25.37
20050225,25.25
20050228,25.16
20050301,25.28
20050302,25.26
20050303,25.17
20050304,25.17
20050307,25.47
20050308,25.4
20050309,25.31
20050310,25.43
20050311,25.09
20050314,25.11
20050315,24.91
20050316,24.63
20050317,24.54
20050318,24.31
20050321,24.2
20050322,23.99
20050323,24.18
20050324,24.28
20050328,24.2
20050329,23.92
20050330,24.16
20050331,24.17
20050401,24.12
20050404,24.23
20050405,24.47
20050406,24.67
20050407,25.1
20050408,24.94
20050411,24.97
20050412,25.32
20050413,25.04
20050414,24.84
20050415,24.46
20050418,24.65
20050419,24.63
20050420,24.32
20050421,25.28
20050422,24.98
20050425,24.99
20050426,24.76
20050427,24.99
20050428,24.45
20050429,25.3
20050502,25.23
20050503,25.36
20050504,25.21
20050505,25.23
20050506,25.22
20050509,25.11
20050510,24.9
20050511,24.91
20050512,25
20050513,25.3
20050516,25.49
20050517,25.46
20050518,25.7
20050519,25.92
20050520,25.74
20050523,25.85
20050524,25.75
20050525,25.71
20050526,25.9
20050527,26.07
20050531,25.8
20050601,25.81
20050602,25.79
20050603,25.43
20050606,25.37
20050607,25.51
20050608,25.4
20050609,25.51
20050610,25.43
20050613,25.31
20050614,25.36
20050615,25.26
20050616,25.04
20050617,25.04
20050620,25.11
20050621,25.15
20050622,25.07
20050623,25.31
20050624,25.04
20050627,25.05
20050628,25.07
20050629,25.09
20050630,24.84
20050701,24.71
20050705,24.98
20050706,24.7
20050707,24.65
20050708,25.09
20050711,25.29
20050712,25.61
20050713,25.66
20050714,25.97
20050715,25.79
20050718,25.55
20050719,26.16
20050720,26.19
20050721,26.44
20050722,25.68
20050725,25.69
20050726,25.54
20050727,25.72
20050728,25.75
20050729,25.61
20050801,25.92
20050802,26.81
20050803,27.25
20050804,27.32
20050805,27.76
20050808,27.13
20050809,27.35
20050810,26.95
20050811,27.27
20050812,27.05
20050815,27.13
20050816,26.74
20050817,26.95
20050818,26.82
20050819,26.72
20050822,26.91
20050823,26.87
20050824,26.81
20050825,27.03
20050826,26.97
20050829,27.15
20050830,27.18
20050831,27.38
20050901,27.2
20050902,27.02
20050906,27
20050907,26.85
20050908,26.61
20050909,26.58
20050912,26.61
20050913,26.48
20050914,26.31
20050915,26.27
20050916,26.07
20050919,26
20050920,25.84
20050921,25.49
20050922,25.34
20050923,25.27
20050926,25.27
20050927,25.34
20050928,25.67
20050929,25.94
20050930,25.73
20051003,25.5
20051004,24.98
20051005,24.67
20051006,24.73
20051007,24.59
20051010,24.46
20051011,24.41
20051012,24.3
20051013,24.59
20051014,24.67
20051017,24.53
20051018,24.57
20051019,25.09
20051020,24.79
20051021,24.78
20051024,25.1
20051025,25.03
20051026,25.11
20051027,24.85
20051028,25.53
20051031,25.7
20051101,25.96
20051102,26.46
20051103,26.44
20051104,26.66
20051107,27.01
20051108,27.05
20051109,26.96
20051110,27.09
20051111,27.28
20051114,27.37
20051115,27.5
20051116,27.74
20051117,27.97
20051118,28.07
20051121,28.16
20051122,27.91
20051123,27.92
20051125,27.76
20051128,27.75
20051129,27.68
20051130,27.68
20051201,27.89
20051202,28.01
20051205,27.85
20051206,27.69
20051207,27.75
20051208,27.69
20051209,27.71
20051212,27.45
20051213,27.13
20051214,27.09
20051215,26.92
20051216,26.9
20051219,26.83
20051220,26.86
20051221,26.73
20051222,26.59
20051223,26.64
20051227,26.46
20051228,26.39
20051229,26.27
20051230,26.15
20060103,26.84
20060104,26.97
20060105,26.99
20060106,26.91
20060109,26.86
20060110,27
20060111,27.29
20060112,27.14
20060113,27.19
20060117,26.99
20060118,26.83
20060119,27.02
20060120,26.41
20060123,26.35
20060124,26.28
20060125,26.4
20060126,26.5
20060127,27.79
20060130,28
20060131,28.15
20060201,28.04
20060202,27.68
20060203,27.54
20060206,27.17
20060207,26.94
20060208,26.91
20060209,26.66
20060210,26.69
20060213,26.39
20060214,26.65
20060215,26.88
20060216,26.81
20060217,26.7
20060221,26.54
20060222,26.72
20060223,26.66
20060224,26.63
20060227,27.05
20060228,26.87
20060301,27.14
20060302,26.97
20060303,26.93
20060306,26.91
20060307,27.06
20060308,27.25
20060309,27
20060310,27.17
20060313,27.11
20060314,27.23
20060315,27.36
20060316,27.27
20060317,27.5
20060320,27.89
20060321,27.74
20060322,27.15
20060323,26.85
20060324,27.01
20060327,27.01
20060328,26.9
20060329,27.02
20060330,27.23
20060331,27.21
20060403,27.56
20060404,27.64
20060405,27.74
20060406,27.56
20060407,27.25
20060410,27.29
20060411,27.13
20060412,27.2
20060413,27.07
20060417,26.84
20060418,27.22
20060419,27.03
20060420,27.03
20060421,27.15
20060424,27.11
20060425,27.11
20060426,27.1
20060427,27.25
20060428,24.15
20060501,24.29
20060502,24.01
20060503,23.17
20060504,23.44
20060505,23.8
20060508,23.73
20060509,23.62
20060510,23.77
20060511,23.22
20060512,23.17
20060515,23.15
20060516,23.01
20060517,22.73
20060518,22.83
20060519,22.56
20060522,22.88
20060523,22.79
20060524,23.5
20060525,23.74
20060526,23.72
20060530,23.15
20060531,22.65
20060601,22.82
20060602,22.76
20060605,22.5
20060606,22.13
20060607,22.04
20060608,22.11
20060609,21.92
20060612,21.71
20060613,21.51
20060614,21.88
20060615,22.07
20060616,22.1
20060619,22.55
20060620,22.56
20060621,23.08
20060622,22.88
20060623,22.5
20060626,22.82
20060627,22.86
20060628,23.16
20060629,23.47
20060630,23.3
20060703,23.7
20060705,23.35
20060706,23.48
20060707,23.3
20060710,23.5
20060711,23.1
20060712,22.64
20060713,22.26
20060714,22.29
20060717,22.48
20060718,22.74
20060719,23.4
20060720,22.85
20060721,23.87
20060724,24
20060725,24.22
20060726,24.37
20060727,23.87
20060728,24.25
20060731,24.06
20060801,23.99
20060802,24.3
20060803,24.21
20060804,24.29
20060807,24.22
20060808,24.34
20060809,24.44
20060810,24.46
20060811,24.43
20060814,24.53
20060815,24.62
20060816,24.7
20060817,24.7
20060818,25.79
20060821,26.12
20060822,25.62
20060823,25.67
20060824,25.74
20060825,25.85
20060828,25.95
20060829,25.84
20060830,25.8
20060831,25.7
20060901,25.84
20060905,25.61
20060906,25.61
20060907,25.43
20060908,25.6
20060911,25.91
20060912,25.93
20060913,25.98
20060914,26.33
20060915,26.85
20060918,26.79
20060919,26.86
20060920,27.18
20060921,26.9
20060922,26.66
20060925,26.95
20060926,27.2
20060927,27.44
20060928,27.4
20060929,27.35
20061002,27.36
20061003,27.37
20061004,27.94
20061005,27.92
20061006,27.87
20061009,27.72
20061010,27.69
20061011,27.54
20061012,28.22
20061013,28.37
20061016,28.45
20061017,28.44
20061018,28.52
20061019,28.29
20061020,28.43
20061023,28.45
20061024,28.28
20061025,28.31
20061026,28.35
20061027,28.34
20061030,28.53
20061031,28.71
20061101,28.81
20061102,28.77
20061103,28.73
20061106,28.84
20061107,28.95
20061108,28.98
20061109,29.26
20061110,29.24
20061113,29.35
20061114,29.23
20061115,29.12
20061116,29.47
20061117,29.4
20061120,29.89
20061121,29.92
20061122,29.92
20061124,29.76
20061127,29.48
20061128,29.39
20061129,29.57
20061130,29.36
20061201,29.12
20061204,29.33
20061205,29.13
20061206,28.99
20061207,28.85
20061208,29.4
20061211,29.54
20061212,29.43
20061213,29.55
20061214,30.07
20061215,30.19
20061218,29.89
20061219,29.99
20061220,30.09
20061221,29.98
20061222,29.64
20061226,29.99
20061227,30.02
20061228,29.98
20061229,29.86
20070103,29.86
20070104,29.81
20070105,29.64
20070108,29.93
20070109,29.96
20070110,29.66
20070111,30.7
20070112,31.21
20070116,31.16
20070117,31.1
20070118,31
20070119,31.11
20070122,30.72
20070123,30.74
20070124,31.09
20070125,30.45
20070126,30.6
20070129,30.53
20070130,30.48
20070131,30.86
20070201,30.56
20070202,30.19
20070205,29.61
20070206,29.51
20070207,29.37
20070208,29.26
20070209,28.98
20070212,28.94
20070213,29.01
20070214,29.4
20070215,29.46
20070216,28.74
20070220,28.83
20070221,29.35
20070222,29.39
20070223,28.9
20070226,29.07
20070227,27.87
20070228,28.17
20070301,28.09
20070302,27.76
20070305,27.55
20070306,27.83
20070307,27.61
20070308,27.32
20070309,27.29
20070312,27.44
20070313,26.72
20070314,27.4
20070315,27.28
20070316,27.33
20070319,27.83
20070320,27.84
20070321,28.52
20070322,28.27
20070323,28.02
20070326,28.22
20070327,27.72
20070328,27.64
20070329,27.75
20070330,27.87
20070402,27.74
20070403,27.87
20070404,28.5
20070405,28.55
20070409,28.57
20070410,28.4
20070411,28.11
20070412,28.54
20070413,28.61
20070416,28.73
20070417,28.85
20070418,28.6
20070419,28.69
20070420,29.02
20070423,28.78
20070424,28.79
20070425,28.99
20070426,29.1
20070427,30.12
20070430,29.94
20070501,30.4
20070502,30.61
20070503,30.97
20070504,30.56
20070507,30.71
20070508,30.75
20070509,30.78
20070510,30.58
20070511,30.89
20070514,30.97
20070515,30.9
20070516,31.07
20070517,30.98
20070518,30.83
20070521,31.05
20070522,30.69
20070523,30.58
20070524,30.17
20070525,30.48
20070529,30.79
20070530,31.11
20070531,30.69
20070601,30.59
20070604,30.72
20070605,30.58
20070606,30.29
20070607,29.62
20070608,30.05
20070611,30.02
20070612,29.85
20070613,30.39
20070614,30.52
20070615,30.49
20070618,30.51
20070619,30.46
20070620,30.01
20070621,30.22
20070622,29.49
20070625,29.49
20070626,29.52
20070627,29.87
20070628,29.83
20070629,29.47
20070702,29.74
20070703,30.02
20070705,29.99
20070706,29.97
20070709,29.87
20070710,29.33
20070711,29.49
20070712,30.07
20070713,29.82
20070716,30.03
20070717,30.78
20070718,30.92
20070719,31.51
20070720,31.16
20070723,31.19
20070724,30.8
20070725,30.71
20070726,29.98
20070727,29.39
20070730,29.4
20070731,28.99
20070801,29.3
20070802,29.52
20070803,28.96
20070806,29.54
20070807,29.55
20070808,30
20070809,29.3
20070810,28.71
20070813,28.63
20070814,28.27
20070815,28.1
20070816,27.81
20070817,28.25
20070820,28.26
20070821,28.07
20070822,28.22
20070823,28.3
20070824,28.81
20070827,28.49
20070828,27.93
20070829,28.59
20070830,28.45
20070831,28.73
20070904,28.81
20070905,28.48
20070906,28.91
20070907,28.44
20070910,28.48
20070911,28.93
20070912,28.93
20070913,29.16
20070914,29.04
20070917,28.73
20070918,28.93
20070919,28.67
20070920,28.42
20070921,28.65
20070924,29.08
20070925,29.56
20070926,29.5
20070927,29.49
20070928,29.46
20071001,29.77
20071002,29.7
20071003,29.45
20071004,29.71
20071005,29.84
20071008,29.84
20071009,30.1
20071010,30.23
20071011,29.91
20071012,30.17
20071015,30.04
20071016,30.32
20071017,31.08
20071018,31.16
20071019,30.17
20071022,30.51
20071023,30.9
20071024,31.25
20071025,31.99
20071026,35.03
20071029,34.57
20071030,35.57
20071031,36.81
20071101,37.06
20071102,37.06
20071105,36.73
20071106,36.41
20071107,35.52
20071108,34.74
20071109,33.73
20071112,33.38
20071113,34.46
20071114,33.93
20071115,33.76
20071116,34.09
20071119,33.96
20071120,34.58
20071121,34.23
20071123,34.11
20071126,32.97
20071127,33.06
20071128,33.7
20071129,33.59
20071130,33.6
20071203,32.92
20071204,32.77
20071205,34.15
20071206,34.55
20071207,34.53
20071210,34.76
20071211,34.1
20071212,34.47
20071213,35.22
20071214,35.31
20071217,34.39
20071218,34.74
20071219,34.79
20071220,35.52
20071221,36.06
20071224,36.58
20071226,36.61
20071227,35.97
20071228,36.12
20071231,35.6
20080102,35.22
20080103,35.37
20080104,34.38
20080107,34.61
20080108,33.45
20080109,34.44
20080110,34.33
20080111,33.91
20080114,34.39
20080115,34
20080116,33.23
20080117,33.11
20080118,33.01
20080122,31.96
20080123,31.93
20080124,33.25
20080125,32.94
20080128,32.72
20080129,32.6
20080130,32.2
20080131,32.6
20080201,30.45
20080204,30.19
20080205,29.07
20080206,28.52
20080207,28.12
20080208,28.56
20080211,28.21
20080212,28.34
20080213,28.96
20080214,28.5
20080215,28.42
20080219,28.17
20080220,28.22
20080221,28.1
20080222,27.68
20080225,27.84
20080226,28.38
20080227,28.26
20080228,27.93
20080229,27.2
20080303,26.99
20080304,27.59
20080305,28.12
20080306,27.57
20080307,27.87
20080310,28.05
20080311,29.28
20080312,28.63
20080313,28.62
20080314,27.96
20080317,28.3
20080318,29.42
20080319,28.62
20080320,29.18
20080324,29.17
20080325,29.14
20080326,28.56
20080327,28.05
20080328,27.91
20080331,28.38
20080401,29.5
20080402,29.16
20080403,29
20080404,29.16
20080407,29.16
20080408,28.75
20080409,28.89
20080410,29.11
20080411,28.28
20080414,28.06
20080415,28.25
20080416,28.95
20080417,29.22
20080418,30
20080421,30.42
20080422,30.25
20080423,31.45
20080424,31.8
20080425,29.83
20080428,28.99
20080429,28.64
20080430,28.52
20080501,29.4
20080502,29.24
20080505,29.08
20080506,29.7
20080507,29.21
20080508,29.27
20080509,29.39
20080512,29.99
20080513,29.78
20080514,29.93
20080515,30.45
20080516,29.99
20080519,29.46
20080520,28.76
20080521,28.25
20080522,28.47
20080523,28.05
20080527,28.44
20080528,28.18
20080529,28.31
20080530,28.32
20080602,27.8
20080603,27.31
20080604,27.54
20080605,28.3
20080606,27.49
20080609,27.71
20080610,27.89
20080611,27.12
20080612,28.24
20080613,29.07
20080616,28.93
20080617,28.8
20080618,28.46
20080619,28.93
20080620,28.23
20080623,27.97
20080624,27.73
20080625,28.35
20080626,27.75
20080627,27.63
20080630,27.51
20080701,26.87
20080702,25.88
20080703,25.98
20080707,26.03
20080708,25.85
20080709,25.23
20080710,25.45
20080711,25.25
20080714,25.15
20080715,26.15
20080716,27.26
20080717,27.52
20080718,25.86
20080721,25.64
20080722,25.8
20080723,26.43
20080724,25.44
20080725,26.16
20080728,25.5
20080729,26.11
20080730,26.23
20080731,25.72
20080801,25.44
20080804,25.28
20080805,26.21
20080806,27.02
20080807,27.39
20080808,28.13
20080811,27.9
20080812,28.12
20080813,27.91
20080814,27.91
20080815,27.81
20080818,27.69
20080819,27.32
20080820,27.29
20080821,27.18
20080822,27.84
20080825,27.66
20080826,27.27
20080827,27.56
20080828,27.94
20080829,27.29
20080902,27.1
20080903,26.9
20080904,26.35
20080905,25.65
20080908,26.12
20080909,26.1
20080910,26.44
20080911,27.34
20080912,27.62
20080915,26.82
20080916,25.99
20080917,24.57
20080918,25.26
20080919,25.16
20080922,25.4
20080923,25.44
20080924,25.72
20080925,26.61
20080926,27.4
20080929,25.01
20080930,26.69
20081001,26.48
20081002,26.25
20081003,26.32
20081006,24.91
20081007,23.23
20081008,23.01
20081009,22.3
20081010,21.5
20081013,25.5
20081014,24.1
20081015,22.66
20081016,24.19
20081017,23.93
20081020,24.72
20081021,23.36
20081022,21.53
20081023,22.32
20081024,21.96
20081027,21.18
20081028,23.1
20081029,23
20081030,22.63
20081031,22.33
20081103,22.62
20081104,23.53
20081105,22.08
20081106,20.88
20081107,21.5
20081110,21.3
20081111,21.2
20081112,20.3
20081113,21.25
20081114,20.06
20081117,19.32
20081118,19.62
20081119,18.29
20081120,17.53
20081121,19.68
20081124,20.69
20081125,19.99
20081126,20.49
20081128,20.22
20081201,18.61
20081202,19.15
20081203,19.87
20081204,19.11
20081205,19.87
20081208,21.01
20081209,20.6
20081210,20.61
20081211,19.45
20081212,19.36
20081215,19.04
20081216,20.11
20081217,19.66
20081218,19.3
20081219,19.12
20081222,19.18
20081223,19.28
20081224,19.17
20081226,19.13
20081229,18.96
20081230,19.34
20081231,19.44
20090102,20.33
20090105,20.52
20090106,20.76
20090107,19.51
20090108,20.12
20090109,19.52
20090112,19.47
20090113,19.82
20090114,19.09
20090115,19.24
20090116,19.71
20090120,18.48
20090121,19.38
20090122,17.11
20090123,17.2
20090126,17.63
20090127,17.66
20090128,18.04
20090129,17.59
20090130,17.1
20090202,17.83
20090203,18.5
20090204,18.63
20090205,19.04
20090206,19.66
20090209,19.44
20090210,18.8
20090211,19.21
20090212,19.26
20090213,19.09
20090217,18.09
20090218,18.12
20090219,17.91
20090220,18
20090223,17.21
20090224,17.17
20090225,16.96
20090226,16.42
20090227,16.15
20090302,15.79
20090303,15.88
20090304,16.12
20090305,15.27
20090306,15.28
20090309,15.15
20090310,16.48
20090311,17.11
20090312,17.01
20090313,16.65
20090316,16.25
20090317,16.9
20090318,16.96
20090319,17.14
20090320,17.06
20090323,18.33
20090324,17.93
20090325,17.88
20090326,18.83
20090327,18.13
20090330,17.48
20090331,18.37
20090401,19.31
20090402,19.29
20090403,18.75
20090406,18.76
20090407,18.76
20090408,19.19
20090409,19.67
20090413,19.59
20090414,19.35
20090415,18.83
20090416,19.76
20090417,19.2
20090420,18.61
20090421,18.97
20090422,18.78
20090423,18.92
20090424,20.91
20090427,20.4
20090428,19.93
20090429,20.25
20090430,20.26
20090501,20.24
20090504,20.19
20090505,19.79
20090506,19.79
20090507,19.32
20090508,19.42
20090511,19.32
20090512,19.89
20090513,19.75
20090514,20.06
20090515,20.22
20090518,20.6
20090519,20.31
20090520,20.38
20090521,19.82
20090522,19.75
20090526,20.34
20090527,20.13
20090528,20.45
20090529,20.89
20090601,21.4
20090602,21.4
20090603,21.73
20090604,21.83
20090605,22.14
20090608,22.05
20090609,22.08
20090610,22.55
20090611,22.83
20090612,23.33
20090615,23.42
20090616,23.45
20090617,23.68
20090618,23.5
20090619,24.07
20090622,23.28
20090623,23.34
20090624,23.47
20090625,23.79
20090626,23.35
20090629,23.86
20090630,23.77
20090701,24.04
20090702,23.37
